Lens ID,Title,Date Published,Publication Year,Publication Type,Source Title,ISSNs,Publisher,Source Country,Author/s,Abstract,Volume,Issue Number,Start Page,End Page,Fields of Study,Keywords,MeSH Terms,Chemicals,Funding,Source URLs,External URL,PMID,DOI,Microsoft Academic ID,PMCID,Citing Patents Count,References,Citing Works Count,Is Open Access,Open Access License,Open Access Colour
006-158-982-503-035,AI-Infused Quantum Machine Learning for Enhanced Supply Chain Forecasting,2024-06-30,2024,book chapter,"Advances in Logistics, Operations, and Management Science",2327350x; 23273518,IGI Global,,Leela Manush Gutta; Balaji Dhamodharan; Pushan Kumar Dutta; Pawan Whig,"<jats:p>In the rapidly evolving landscape of supply chain management, the fusion of artificial intelligence (AI) and quantum machine learning (QML) holds immense promise for optimizing forecasting processes. This chapter delves into the synergistic potential of AI and QML techniques, presenting a comprehensive framework for harnessing their combined power in supply chain forecasting. By leveraging AI's ability to analyze vast datasets and extract meaningful insights alongside QML's capacity to process complex probabilistic distributions, organizations can achieve unprecedented accuracy in demand forecasting, inventory optimization, and risk mitigation. Through case studies and practical applications, this chapter elucidates how AI-infused QML models can revolutionize supply chain forecasting, driving efficiency, resilience, and competitiveness in the global marketplace.</jats:p>",,,48,63,Chain (unit); Computer science; Supply chain; Quantum; Artificial intelligence; Physics; Business; Quantum mechanics; Marketing,,,,,,http://dx.doi.org/10.4018/979-8-3693-4107-0.ch003,,10.4018/979-8-3693-4107-0.ch003,,,0,021-698-262-431-134; 042-288-278-465-515; 045-421-520-978-159; 075-112-521-600-018; 147-556-119-417-212; 153-521-098-651-081; 188-851-151-889-26X,4,false,,
019-112-496-086-457,Operational and Mission Highlights A Monthly Summary of Top Achievements May 2021,2021-05-01,2021,report,,,Office of Scientific and Technical Information (OSTI),,Lillian Anaya; Kenneth Adkins,,,,,,,,,,,http://dx.doi.org/10.2172/1788399,http://dx.doi.org/10.2172/1788399,,10.2172/1788399,3184062202,,0,,0,true,,green
019-315-552-977-714,Quantum deep neural networks modeling for inventory management,2025-12-22,2025,journal article,Journal of Modelling in Management,17465664; 17465672,Emerald,United Kingdom,Sarit Maitra,"<jats:sec>;                     <jats:title>Purpose</jats:title>;                     <jats:p>The purpose of this study is to explore the potential for quantum computing to enhance applied machine learning tasks. The goal is to investigate whether quantum computing principles such as superposition, entanglement and quantum parallelism can improve predictive accuracy and efficiency in machine learning models.</jats:p>;                   </jats:sec>;                   <jats:sec>;                     <jats:title>Design/methodology/approach</jats:title>;                     <jats:p>To examine the potential, this study simulated a 4-qubit quantum processor on an Intel Core i5 8th generation central processing unit (CPU). The proposed model combines quantum principle and deep neural networks architecture involving quantum-forward and classical-backward processes; quantum part is in the forward pass, and the traditional neural network handles the backpropagation during model training. This model was tested using a real dataset to assess its practical applicability to machine learning tasks under real-world constraints.</jats:p>;                   </jats:sec>;                   <jats:sec>;                     <jats:title>Findings</jats:title>;                     <jats:p>The findings reveal the effectiveness of the quantum-classical hybrid approach which achieves an average area under the curve score of 92%, with a precision of 22.6% and a recall of 25.3%. These results suggest that, while quantum noise and Qubit limitations inherent to Noisy Intermediate-Scale Quantum systems impacted prediction accuracy and model generalizability, the quantum-forward process enhanced the model’s ability to identify true positive cases in a complex dataset. Compared to traditional approaches, this model addresses both the stability and predictive demands of highly imbalanced inventory data, although limitations remain in precision and scalability.</jats:p>;                   </jats:sec>;                   <jats:sec>;                     <jats:title>Originality/value</jats:title>;                     <jats:p>While many open questions remain about the real advantages of quantum computing in applied field of business, this study contributes to the feasibility of leveraging quantum machine learning for complex decision-making problems in supply chain management.</jats:p>;                   </jats:sec>",,,1,33,Computer science; Artificial neural network; Quantum computer; Artificial intelligence; Quantum; Field (mathematics); Deep learning; Quantum entanglement; Machine learning; Backpropagation; Noise (video); Qubit; Quantum machine learning; Process (computing); Stability (learning theory); Recall; Quantum algorithm; Recurrent neural network; Central processing unit; Precision and recall,,,,,,http://dx.doi.org/10.1108/jm2-11-2024-0371,,10.1108/jm2-11-2024-0371,,,0,000-099-759-058-332; 002-086-594-987-490; 003-378-394-805-091; 005-893-089-060-993; 011-363-822-113-015; 013-231-635-980-162; 013-903-535-221-598; 014-282-115-755-339; 015-380-091-199-205; 015-610-270-783-942; 018-376-347-744-738; 018-441-872-254-460; 018-668-428-628-629; 019-540-241-257-753; 019-884-454-685-718; 022-007-153-909-187; 022-518-149-601-803; 022-529-996-450-667; 023-577-608-108-134; 029-803-646-760-538; 030-366-837-445-752; 031-052-586-106-856; 031-732-568-490-259; 032-291-221-854-274; 032-879-282-531-038; 033-324-987-732-005; 036-283-740-635-343; 036-752-543-316-350; 037-465-670-323-179; 042-433-217-832-885; 044-299-737-707-015; 045-766-094-160-71X; 048-458-420-759-977; 054-095-286-217-874; 055-259-484-739-803; 055-817-967-086-222; 056-140-610-818-616; 057-498-471-837-552; 057-687-416-723-555; 058-042-982-575-532; 059-750-368-827-166; 063-990-484-885-694; 064-138-810-036-202; 065-579-843-332-374; 072-319-965-266-152; 073-302-342-161-499; 076-501-270-336-528; 077-468-468-664-687; 078-422-945-290-853; 080-071-374-926-01X; 097-548-300-492-354; 098-383-900-109-463; 103-213-824-406-438; 103-464-370-831-072; 105-141-033-151-785; 105-597-632-925-020; 108-623-662-676-083; 110-078-361-861-366; 113-242-720-302-795; 113-697-395-374-955; 115-894-722-898-269; 130-414-507-660-942; 134-203-390-704-571; 138-426-267-944-784; 138-768-839-753-570; 143-379-794-272-096; 145-179-922-130-292; 148-064-688-142-744; 150-040-153-652-591; 155-845-183-913-377; 160-208-842-957-138; 167-243-997-698-669; 176-892-210-259-934; 185-918-116-444-34X; 191-103-960-270-250; 192-811-448-620-390; 194-398-921-885-949; 197-007-750-816-153; 198-718-621-689-159,0,false,,
025-042-943-820-024,Quantum-Enhanced Predictive Analytics for SAP Materials Management: Revolutionizing Supply Chain Resilience,2025-07-20,2025,preprint,,,Institute of Electrical and Electronics Engineers (IEEE),,Sumanth Pillella,"In an era of global supply chain disruptions, SAP Materials Management (MM) remains critical for procurement, inventory, and logistics optimization. This research pioneers the integration of quantum machine learning (QML) to enhance predictive analytics in SAP MM, addressing challenges like demand volatility and supplier delays. By leveraging quantum algorithms, such as quantum support vector machines (QSVM) and variational quantum circuits (VQC), the proposed framework forecasts inventory needs, detects supply chain risks, and optimizes procurement with unprecedented accuracy. A synthetic dataset of 150,000 MM transactions simulates real-world complexities, including multilingual data and disruptions. The analysis achieves 95% prediction accuracy, reducing stockouts by 65% compared to classical ML methods. Visualizations, including risk heatmaps and performance graphs, guide resilient supply chain strategies. This framework tackles data privacy, computational scalability, and SAP integration, offering a transformative approach to supply chain management in volatile markets.",,,,,Resilience (materials science); Analytics; Predictive analytics; Supply chain; Business; Supply chain management; Computer science; Data science; Materials science; Marketing; Composite material,,,,,https://www.techrxiv.org/doi/pdf/10.36227/techrxiv.175303595.59520605 https://doi.org/10.36227/techrxiv.175303595.59520605/v1,http://dx.doi.org/10.36227/techrxiv.175303595.59520605/v1,,10.36227/techrxiv.175303595.59520605/v1,,,0,,0,true,cc-by,gold
034-763-446-366-525,AI-Enabled Supply Chain: Theoretical Logic and Practical Pathways of Technological Reconfiguration and Value Creation,2025-05-06,2025,journal article,Economics & Business Management,30795214; 30795222,Erytis Publishing Limited,,Xi Yang,"<jats:p>This study takes Huawei's supply chain as a case to reveal the mechanism of AI-driven supply chain reconfiguration based on multidisciplinary theories. Huawei has achieved breakthroughs such as reducing demand forecasting error rate to 8%, optimizing inventory turnover ratio by 25%, etc., through cognitive network architecture and multi-technology integration. Technologies such as spatiotemporal graph neural networks and adversarial learning have demon-strated significant effectiveness in demand perception and resilient supply chain construction. Reparameterization of production functions has reduced capacity costs by 22%, while hyper-heuristic algorithms have optimized logis-tics costs by 15%.; The research proposes innovative frameworks such as data middleware platform and double-loop learning, where knowledge graphs have shortened project cy-cles by 40% and smart contracts have reduced transaction costs by 70%. At the governance level, a transparency framework has been established, federated learning balances data sovereignty, and ESG embedding has achieved a compli-ance rate of 95%. In the future, quantum machine learning may break through real-time optimization bottlenecks, with the synergy between humanistic AI and ethical governance being key to development. This study provides theoreti-cal insights for intelligent supply chain research and practical references for corporate transformation.; </jats:p>",1,2,173,173,Control reconfiguration; Supply chain; Value creation; Computer science; Value (mathematics); Service-dominant logic; Business; Knowledge management; Embedded system; Marketing; Service (business); Machine learning,,,,,https://doi.org/10.63313/ebm.2007,http://dx.doi.org/10.63313/ebm.2007,,10.63313/ebm.2007,,,0,,0,true,cc-by,hybrid
039-578-415-340-573,Machine Learning Research Trends in Africa: A 30 Years Overview with Bibliometric Analysis Review.,2023-04-29,2023,journal article,Archives of computational methods in engineering : state of the art reviews,18861784; 11343060,Springer Netherlands,Spain,Absalom E Ezugwu; Olaide N Oyelade; Abiodun M Ikotun; Jeffery O Agushaka; Yuh-Shan Ho,"The machine learning (ML) paradigm has gained much popularity today. Its algorithmic models are employed in every field, such as natural language processing, pattern recognition, object detection, image recognition, earth observation and many other research areas. In fact, machine learning technologies and their inevitable impact suffice in many technological transformation agendas currently being propagated by many nations, for which the already yielded benefits are outstanding. From a regional perspective, several studies have shown that machine learning technology can help address some of Africa's most pervasive problems, such as poverty alleviation, improving education, delivering quality healthcare services, and addressing sustainability challenges like food security and climate change. In this state-of-the-art paper, a critical bibliometric analysis study is conducted, coupled with an extensive literature survey on recent developments and associated applications in machine learning research with a perspective on Africa. The presented bibliometric analysis study consists of 2761 machine learning-related documents, of which 89% were articles with at least 482 citations published in 903 journals during the past three decades. Furthermore, the collated documents were retrieved from the Science Citation Index EXPANDED, comprising research publications from 54 African countries between 1993 and 2021. The bibliometric study shows the visualization of the current landscape and future trends in machine learning research and its application to facilitate future collaborative research and knowledge exchange among authors from different research institutions scattered across the African continent.",30,7,1,4207,Popularity; Bibliometrics; Computer science; Data science; Artificial intelligence; Sustainability; Political science; Library science; Ecology; Biology; Law,,,,North-West University,https://link.springer.com/content/pdf/10.1007/s11831-023-09930-z.pdf https://doi.org/10.1007/s11831-023-09930-z https://pmc.ncbi.nlm.nih.gov/articles/PMC10148585/pdf/11831_2023_Article_9930.pdf https://www.ncbi.nlm.nih.gov/pmc/articles/10148585,http://dx.doi.org/10.1007/s11831-023-09930-z,37359741,10.1007/s11831-023-09930-z,,PMC10148585,0,000-376-024-013-283; 000-775-142-927-260; 001-623-165-924-058; 001-756-129-317-727; 003-460-124-783-358; 003-644-495-915-483; 006-602-147-740-895; 007-078-842-171-178; 007-674-477-748-047; 008-500-205-234-970; 008-703-540-442-435; 010-797-137-976-121; 012-037-316-294-215; 012-770-675-060-607; 013-320-998-126-277; 014-167-780-235-057; 015-728-535-730-867; 016-057-468-097-062; 016-411-637-236-430; 016-776-682-043-525; 016-851-298-387-339; 017-255-219-592-373; 017-504-910-874-548; 018-888-419-395-573; 019-159-733-322-600; 019-480-435-924-719; 019-924-218-904-281; 020-002-201-153-447; 020-421-332-388-445; 020-802-309-749-344; 021-186-033-598-214; 022-039-804-950-172; 022-450-278-575-156; 023-509-243-988-487; 023-736-195-003-101; 024-345-500-800-691; 024-419-995-948-24X; 024-612-504-329-933; 024-911-613-884-100; 025-016-009-853-338; 025-394-429-796-390; 027-487-446-697-250; 029-809-340-873-414; 030-195-334-376-966; 031-723-991-568-178; 031-743-551-522-385; 033-234-391-998-225; 033-595-216-224-04X; 033-647-836-427-368; 033-665-153-909-412; 033-992-244-446-642; 034-328-073-606-277; 034-501-961-536-453; 035-821-977-069-692; 037-231-075-862-125; 037-757-907-125-168; 040-408-470-459-714; 041-074-481-652-615; 041-192-906-706-840; 041-250-978-252-123; 042-068-946-333-004; 046-130-043-317-134; 047-287-334-638-394; 047-686-494-236-94X; 048-782-086-571-550; 048-843-378-101-362; 049-922-468-394-99X; 050-269-586-637-055; 050-825-451-214-009; 052-069-297-939-176; 052-322-297-207-668; 052-420-985-280-737; 053-185-570-674-055; 054-019-477-630-579; 055-109-151-663-480; 055-799-694-545-692; 055-806-179-824-032; 058-429-496-272-014; 058-604-953-967-07X; 059-475-477-916-252; 061-366-914-102-222; 061-840-004-848-872; 062-985-332-821-365; 063-867-894-305-652; 065-191-114-019-977; 065-246-303-984-878; 065-626-407-783-725; 066-294-453-162-426; 066-536-091-975-364; 066-908-031-636-007; 067-354-427-547-240; 068-370-436-733-121; 070-558-536-174-423; 070-720-365-266-261; 073-636-355-124-224; 074-350-391-763-894; 079-356-446-220-096; 079-948-558-405-262; 081-235-418-826-729; 084-823-151-929-541; 085-358-917-755-692; 086-881-807-828-507; 089-238-248-095-154; 090-864-705-551-666; 091-130-424-230-106; 092-813-054-106-640; 093-316-882-443-924; 095-624-330-779-769; 096-074-251-240-573; 097-429-204-814-673; 098-599-408-753-786; 101-808-062-422-377; 104-403-283-186-332; 106-282-801-930-657; 106-310-364-138-551; 106-449-015-523-896; 109-745-224-811-558; 110-840-776-726-926; 111-950-030-866-264; 112-666-631-792-027; 113-569-101-360-86X; 115-871-068-862-891; 119-361-323-782-545; 123-027-904-468-926; 123-454-654-322-233; 124-561-074-351-716; 125-433-400-386-173; 128-191-471-782-157; 128-331-679-127-989; 128-582-032-398-370; 130-227-833-197-339; 130-759-999-458-583; 131-684-077-588-800; 132-322-821-045-969; 132-414-947-091-168; 136-050-905-281-554; 136-518-684-011-913; 138-209-005-015-482; 143-455-263-085-12X; 145-870-520-043-643; 147-732-467-330-623; 149-398-441-931-684; 155-267-609-716-10X; 157-709-638-938-076; 158-746-510-506-88X; 160-853-658-440-851; 175-912-294-834-252; 178-298-243-519-297; 181-172-931-715-94X; 187-584-857-100-769; 188-216-343-284-182; 199-144-614-389-904,33,true,cc-by,hybrid
054-330-690-247-87X,AI Meets CRNs: A Prospective Review on the Application of Deep Architectures in Spectrum Management,,2021,journal article,IEEE Access,21693536,Institute of Electrical and Electronics Engineers (IEEE),United States,Mduduzi Comfort Hlophe; Bodhaswar T. Maharaj,"The spectrum low utilization and high demand conundrum created a bottleneck towards fulfilling the requirements of next-generation networks. The cognitive radio (CR) technology was advocated as a de facto technology to alleviate the scarcity and under-utilization of spectrum resources by exploiting temporarily vacant spectrum holes of the licensed spectrum bands. As a result, the CR technology became the first step towards the intelligentization of mobile and wireless networks, and in order to strengthen its intelligent operation, the cognitive engine needs to be enhanced through the exploitation of artificial intelligence (AI) strategies. Since comprehensive literature reviews covering the integration and application of deep architectures in cognitive radio networks (CRNs) are still lacking, this article aims at filling the gap by presenting a detailed review that addresses the integration of deep architectures into the intricacies of spectrum management. This is a prospective review whose primary objective is to provide an in-depth exploration of the recent trends in AI strategies employed in mobile and wireless communication networks. The existing reviews in this area have not considered the relevance of incorporating the mathematical fundamentals of each AI strategy and how to tailor them to specific mobile and wireless networking problems. Therefore, this review addresses that problem by detailing how deep architectures can be integrated into spectrum management problems. Beyond reviewing different ways in which deep architectures can be integrated into spectrum management, model selection strategies and how different deep architectures can be tailored into the CR space to achieve better performance in complex environments are then reported in the context of future research directions.",9,,113954,113996,Wireless network; Scarcity; Risk analysis (engineering); Cognitive radio; Context (language use); Bottleneck; Computer science; Wireless; Spectrum management; Relevance (information retrieval),INDEX TERMS Beyond 5G; Cognitive radio networks; Deep architectures; Deep learning; Deep Qlearning networks; Deep reinforcement learning; Energy efficiency; Intelligent spectrum management; Internet of things; Machine learning; Reinforcement learning,,,Sentech Chair in Broadband Wireless Multimedia Communications (BWMC) at the University of Pretoria,https://dblp.uni-trier.de/db/journals/access/access9.html#HlopheM21 https://ieeexplore.ieee.org/abstract/document/9511469/,http://dx.doi.org/10.1109/access.2021.3104099,,10.1109/access.2021.3104099,3189453599,,0,000-434-003-789-165; 001-059-875-739-733; 001-343-282-002-195; 001-688-905-971-173; 003-385-442-376-398; 003-516-753-483-796; 003-656-842-247-378; 004-162-498-669-905; 004-168-256-095-74X; 005-536-764-007-809; 005-594-234-806-887; 006-178-327-039-254; 007-149-674-755-937; 007-709-084-678-540; 008-059-640-409-312; 008-217-809-214-58X; 009-158-953-653-762; 010-282-132-757-074; 010-343-019-762-011; 010-607-267-594-762; 011-722-753-041-856; 012-412-208-191-763; 012-612-853-324-545; 012-972-928-718-194; 013-655-719-582-718; 013-995-909-204-057; 014-404-280-270-370; 015-493-744-663-687; 017-545-147-522-645; 019-215-610-025-597; 020-214-161-497-388; 020-341-753-548-179; 020-975-726-341-310; 021-430-230-448-460; 021-638-152-181-096; 022-254-377-933-969; 022-274-398-844-293; 022-326-257-470-63X; 022-533-894-635-064; 022-686-535-690-982; 023-472-184-089-409; 025-517-446-572-281; 027-280-364-227-126; 027-536-378-928-069; 027-599-471-667-527; 027-935-261-108-145; 028-354-693-018-451; 028-946-175-070-11X; 031-861-057-702-791; 032-062-415-822-968; 032-328-616-288-98X; 033-420-793-477-958; 034-095-280-061-789; 035-883-760-606-956; 035-960-538-345-050; 036-935-988-204-089; 037-392-650-642-119; 037-572-732-466-591; 038-122-210-201-690; 038-523-178-744-78X; 038-873-636-340-943; 038-886-331-861-011; 039-231-833-511-272; 039-564-861-144-292; 040-595-927-383-390; 041-485-584-093-015; 043-352-869-016-308; 043-962-070-980-620; 044-407-385-460-113; 044-668-111-045-452; 044-816-837-272-795; 045-598-137-430-418; 046-285-498-295-521; 046-698-616-302-434; 047-382-102-348-959; 047-472-187-611-953; 048-877-633-783-731; 049-240-798-481-238; 049-581-842-223-451; 049-886-693-689-131; 049-922-149-403-123; 051-185-784-598-163; 052-175-518-915-573; 052-688-983-122-345; 053-130-134-485-655; 054-825-626-373-964; 054-981-486-774-76X; 055-152-659-327-115; 055-377-621-172-477; 059-217-531-960-034; 060-099-768-614-122; 061-057-141-738-229; 061-651-625-064-058; 061-765-702-741-75X; 066-787-787-127-175; 067-127-716-047-162; 067-449-197-788-189; 067-601-695-537-116; 068-634-486-277-394; 069-330-916-352-31X; 070-148-166-926-090; 070-714-495-014-344; 071-096-431-354-594; 071-322-187-232-44X; 071-832-096-042-827; 071-987-439-150-886; 071-989-831-226-776; 073-137-722-001-511; 073-570-794-448-192; 075-616-730-828-368; 080-229-823-884-52X; 081-522-482-751-778; 085-560-478-233-348; 086-703-583-501-019; 087-785-342-148-97X; 088-466-865-055-113; 088-562-850-787-100; 089-200-326-044-018; 089-388-870-994-874; 090-552-811-085-408; 090-593-663-350-353; 091-221-003-522-016; 091-671-436-628-594; 091-766-174-346-512; 091-919-112-132-812; 091-940-953-522-088; 091-992-526-524-497; 093-405-542-629-954; 097-837-372-566-763; 098-297-567-620-004; 098-841-716-624-364; 101-320-311-827-107; 103-588-628-597-485; 103-664-446-790-016; 104-240-499-375-999; 107-664-510-612-181; 108-570-853-296-618; 109-733-463-590-272; 110-645-967-814-255; 113-899-412-794-405; 114-099-468-722-401; 114-280-927-206-729; 114-702-470-669-666; 118-116-253-152-189; 118-185-999-657-393; 118-217-007-760-886; 119-671-587-695-254; 121-246-609-528-460; 121-395-061-239-08X; 123-216-073-558-48X; 123-735-752-472-594; 125-051-980-714-423; 125-874-725-522-317; 131-776-480-261-961; 132-202-257-767-576; 132-459-100-778-422; 133-796-885-154-049; 137-232-423-027-522; 138-962-503-725-604; 141-165-534-476-977; 141-527-508-502-399; 141-948-884-660-185; 146-178-156-267-856; 149-686-550-993-581; 154-157-229-984-942; 156-220-038-715-119; 157-804-522-795-988; 159-512-913-305-120; 160-216-656-737-983; 164-001-948-706-043; 164-640-114-297-977; 165-481-111-558-538; 168-411-577-837-059; 168-566-811-375-355; 169-564-036-743-790; 170-784-023-501-821; 178-782-384-257-512; 180-656-544-131-260; 185-451-829-495-917; 187-892-911-101-223; 192-540-373-236-586,19,true,"CC BY, CC BY-NC-ND",gold
055-629-982-758-201,Assessment of the Artificial Intelligence and Quantum Computing in the Smart Management Information Systems,2023-07-31,2023,journal article,Bilişim Teknolojileri Dergisi,13079697; 21470715,International Journal of Informatics Technologies,,Ahmet EFE,"<jats:p xml:lang=""en"">Abstract— Studies in the literature argue that solving the memory problem of quantum computers (QC) will lead to groundbreaking developments in artificial intelligence algorithms affecting every process, strategy, business, and polic,es. Quantum adaptive algorithms have been widely applied, which improve existing methods by taking advantage of artificial intelligence and quantum computing. Although new developments are achieved with hybrid quantum systems, which aim to have sub-threads made by quantum computers, it cannot be predicted precisely where these studies will reach in the future and what kind of benefits and risks, they involve. In this study, based on the knowledge of contemporary and interdisciplinary literature, the current and potential uses of quantum computers, super artificial intelligence applications, and quantum computing methods on machine learning, whose applications have just begun in the laboratory environment, are examined, and assessed. It is claimed that the hardware disadvantages of quantum computers will disappear, and new quantum applications will be developed in the future. This is a requirement of adaptation to the prevalent usage of IoT in Industry 4.0 and Society 5.0 applications. Therefore, theoretically, and conceptual aspects of AI and quantum computing are evaluated to realize guidance of the miracles of the Prophets that can be discovered in the future.</jats:p>",16,3,177,188,Computer science; Quantum computer; Process (computing); Quantum; Quantum machine learning; Adaptation (eye); Natural computing; Artificial intelligence; Computational intelligence; Physics; Quantum mechanics; Optics; Operating system,quantum technology; smart MIS; teleportation; artificial intelligence,,,,https://dergipark.org.tr/en/download/article-file/2714710 https://doi.org/10.17671/gazibtd.1190670 https://dergipark.org.tr/tr/pub/gazibtd/issue/79101/1190670,http://dx.doi.org/10.17671/gazibtd.1190670,,10.17671/gazibtd.1190670,,,0,001-263-143-584-228; 001-575-536-461-82X; 003-009-546-308-032; 007-931-244-368-929; 023-007-350-257-065; 029-046-973-892-452; 029-650-208-226-277; 029-803-646-760-538; 030-589-504-330-533; 031-294-251-873-166; 050-129-444-693-663; 066-792-165-293-976; 066-796-237-872-319; 082-502-175-768-359; 092-360-426-719-01X; 110-517-029-512-019; 119-257-710-140-85X; 122-666-175-857-095; 141-628-767-995-872; 168-401-748-412-022,8,true,,gold
057-260-469-019-681,Application solutions of highway freight information systems based on quantum communication.,2024-02-01,2024,journal article,Scientific reports,20452322,Springer Science and Business Media LLC,United Kingdom,Wenliang Tang; Yifan Gao,"To improve the security of data transmission in the highway freight information system, this study is an application plan for the highway freight information system based on quantum communication. This solution is based on quantum communication technology to encrypt and transmit key sensitive data<sup>[1]</sup>; it realizes unified management of quantum keys through the quantum key cloud terminal and provides key services for the highway freight information system; it realizes access to the system through the quantum key cloud service platform. The secure use of mobile terminal quantum keys improves the overall security of the road freight information system. This scheme uses the quantum encryption key generated only once, effectively protecting the entire system's security. The quantum key management server and quantum key cloud platform defined in this plan manage terminals and quantum keys respectively, and jointly produce and distribute quantum keys with the help of other hardware facilities and software to provide secure transmission of key information.",14,1,2668,2668,Computer science; Key (lock); Key management; Encryption; Quantum key distribution; Computer security; Cloud computing; Quantum cryptography; Computer network; Quantum; Quantum information; Operating system; Quantum mechanics; Physics,Computational science; Computer science,,,Research on PHM Method for Underground Structures of Urban Rail Transit Based on Hierarchical Digital Twins (52062016); 5G+Metaverse Smart Farm Demonstration Application Project (20224ABC03A16); Key Technologies and Demonstration Applications of Intelligent Cold Chain Logistics for Jiangxi Special Agricultural Products Based on 5G+Beidou Precision Positioning (20224BBE51051); Research on Key Technologies of Nanouniformly Dispersed Reinforced Aluminum Matrix Composite Materials for Helicopter Lightweight (20223AAE02013); Modern Logistics Big Data Platform Compatibility System Based on Quantum Secure Communication (2007623010),https://www.nature.com/articles/s41598-024-52987-4.pdf https://doi.org/10.1038/s41598-024-52987-4 https://pmc.ncbi.nlm.nih.gov/articles/PMC10834477/pdf/41598_2024_Article_52987.pdf https://www.ncbi.nlm.nih.gov/pmc/articles/10834477,http://dx.doi.org/10.1038/s41598-024-52987-4,38302553,10.1038/s41598-024-52987-4,,PMC10834477,0,000-605-389-879-844; 003-809-500-244-93X; 006-272-267-785-730; 022-150-639-368-28X; 026-771-821-136-247; 028-173-261-649-185; 042-312-607-201-658; 056-888-350-772-980; 077-191-635-800-801; 109-669-748-945-985; 157-994-992-848-626; 168-223-157-320-418,1,true,"CC BY, CC BY-NC-ND",gold
066-959-890-970-257,Digital Anti-Aging Healthcare: An Overview of the Applications of Digital Technologies in Diet Management.,2024-02-27,2024,journal article,Journal of personalized medicine,20754426,MDPI AG,Switzerland,Tagne Poupi Theodore Armand; Hee-Cheol Kim; Jung-In Kim,"Diet management has long been an important practice in healthcare, enabling individuals to get an insight into their nutrient intake, prevent diseases, and stay healthy. Traditional methods based on self-reporting, food diaries, and periodic assessments have been used for a long time to control dietary habits. These methods have shown limitations in accuracy, compliance, and real-time analysis. The rapid advancement of digital technologies has revolutionized healthcare, including the diet control landscape, allowing for innovative solutions to control dietary patterns and generate accurate and personalized recommendations. This study examines the potential of digital technologies in diet management and their effectiveness in anti-aging healthcare. After underlining the importance of nutrition in the aging process, we explored the applications of mobile apps, web-based platforms, wearables devices, sensors, the Internet of Things, artificial intelligence, blockchain, and other technologies in managing dietary patterns and improving health outcomes. The research further examines the effects of digital dietary control on anti-aging healthcare, including improved nutritional monitoring, personalized recommendations, and behavioral and sustainable changes in habits, leading to an expansion of longevity and health span. The challenges and limitations of digital diet monitoring are discussed, and some future directions are provided. Although many digital tools are used in diet control, their accuracy, effectiveness, and impact on health outcomes are not discussed much. This review consolidates the existing literature on digital diet management using emerging digital technologies to analyze their practical implications, guiding researchers, healthcare professionals, and policy makers toward personalized dietary management and healthy aging.",14,3,254,254,Health care; Control (management); Wearable computer; Digital health; Wearable technology; Health management system; The Internet; Process (computing); Medicine; Computer science; Knowledge management; World Wide Web; Alternative medicine; Economics; Artificial intelligence; Embedded system; Pathology; Operating system; Economic growth,anti-aging healthcare; diet management; digital technologies; healthy aging; personalized recommendations,,,Ministry of Science and ICT (1711175863),https://www.mdpi.com/2075-4426/14/3/254/pdf?version=1709051599 https://doi.org/10.3390/jpm14030254 https://pmc.ncbi.nlm.nih.gov/articles/PMC10970731/pdf/jpm-14-00254.pdf https://www.ncbi.nlm.nih.gov/pmc/articles/10970731,http://dx.doi.org/10.3390/jpm14030254,38540996,10.3390/jpm14030254,,PMC10970731,0,000-322-242-856-998; 000-382-740-520-260; 000-625-062-722-309; 001-042-097-614-609; 001-258-545-732-207; 001-459-846-063-677; 001-755-856-227-483; 002-159-995-008-403; 005-563-262-369-90X; 006-783-990-528-930; 009-179-015-854-560; 009-914-094-494-644; 010-082-895-955-195; 011-624-218-740-170; 014-256-120-208-365; 016-032-414-283-969; 017-602-185-580-49X; 018-469-491-224-932; 018-530-268-235-84X; 018-989-838-082-128; 019-245-070-458-873; 019-259-985-285-939; 021-311-750-369-991; 021-335-710-044-355; 023-030-497-870-150; 023-122-715-388-011; 023-732-786-794-349; 025-491-286-770-875; 026-512-795-332-220; 027-135-852-224-361; 027-651-872-711-854; 029-337-192-476-608; 029-997-885-255-406; 030-268-421-127-612; 030-651-407-220-062; 030-888-078-953-585; 031-864-830-148-42X; 031-876-579-130-569; 032-469-978-352-589; 032-799-810-308-826; 033-758-798-683-53X; 034-043-331-588-288; 035-523-390-041-388; 036-740-252-376-208; 037-188-594-523-722; 037-533-128-829-366; 038-785-463-232-580; 038-968-189-513-153; 039-230-892-932-769; 040-364-373-855-975; 040-677-483-867-595; 041-000-864-995-20X; 041-506-140-302-322; 043-953-775-095-707; 045-257-877-141-376; 046-705-029-594-228; 048-897-461-174-080; 049-291-651-583-758; 049-975-666-080-288; 050-911-399-562-25X; 050-931-625-014-955; 051-141-587-904-956; 051-642-556-396-00X; 053-312-879-459-125; 053-465-057-405-280; 054-839-546-882-66X; 057-503-453-876-164; 059-758-595-452-284; 060-705-039-270-486; 061-475-121-262-704; 061-697-202-134-986; 061-919-428-740-402; 062-637-552-521-398; 063-326-077-825-680; 063-786-733-605-211; 064-594-218-849-019; 064-933-258-748-89X; 068-139-372-460-707; 068-218-908-276-074; 069-143-165-277-721; 069-619-205-068-811; 071-844-725-786-246; 072-403-568-260-752; 074-055-547-759-057; 075-037-533-971-142; 075-703-353-698-494; 076-347-912-115-709; 077-307-846-080-535; 078-294-647-175-714; 078-468-389-797-840; 079-722-696-258-561; 080-349-814-665-807; 084-653-002-063-220; 085-827-315-703-376; 087-033-905-223-32X; 087-094-880-062-898; 087-778-371-041-340; 088-188-925-519-817; 090-211-306-191-95X; 090-858-258-375-427; 095-274-660-563-568; 101-000-715-177-259; 101-238-899-967-211; 102-944-447-450-654; 103-949-605-089-112; 107-048-721-290-849; 116-431-276-377-492; 117-348-769-170-026; 117-733-792-889-89X; 120-440-194-021-328; 121-449-372-676-35X; 124-375-215-937-886; 128-525-394-466-181; 129-622-616-954-027; 130-147-840-744-345; 130-495-236-691-559; 131-356-356-471-135; 134-224-875-127-859; 135-708-786-744-158; 139-503-703-934-703; 142-693-927-846-524; 144-796-391-638-165; 162-205-331-374-634; 163-847-499-954-473; 164-026-384-781-945; 168-205-721-689-04X; 168-331-496-653-143; 168-869-238-951-687; 170-426-016-029-020; 171-931-034-116-711; 174-725-533-199-752; 176-138-854-141-507; 181-302-563-834-074,32,true,cc-by,gold
077-049-771-427-469,Convergence of Edge and Cloud: Next-Generation Distributed Architecture for Real-Time Retail Analytics,,2025,journal article,Technix International Journal for Engineering Research,23499249,IJ Research Organization,,Ankit Gupta,"This article explores the transformative impact of distributed machine learning on real-time retail analytics, presenting a detailed examination of emerging technologies that are reshaping retail operations. The article shows three key innovations: federated learning frameworks that enable privacy-preserving recommendation systems across geographically dispersed retail locations; edge computing architectures that dramatically reduce customer engagement latency through strategic computational offloading; and distributed model training approaches specifically optimized for real-time inventory prediction. Through article implementation data from major retailers, the research demonstrates how these technologies collectively enhance customer experience and operational efficiency while addressing privacy concerns and bandwidth limitations inherent in retail environments. The article further evaluates performance metrics, technological challenges, and architectural considerations for each approach, providing valuable insights into their practical application in diverse retail contexts and identifying promising research directions, including neuromorphic computing, quantum machine learning, and few-shot learning techniques that may address current limitations while enabling cross-industry applications beyond the retail sector.",12,6,,,Cloud computing; Analytics; Convergence (economics); Computer science; Architecture; Enhanced Data Rates for GSM Evolution; Data science; Distributed computing; Artificial intelligence; Operating system; Economics; Economic growth; Visual arts; Art,,,,,https://tijer.org/tijer/papers/TIJER2506088.pdf https://doi.org/10.56975/tijer.v12i6.158405,http://dx.doi.org/10.56975/tijer.v12i6.158405,,10.56975/tijer.v12i6.158405,,,0,,0,true,cc-by-nc,hybrid
077-387-374-423-095,Auditing the 'Social' of Quantum Technologies: A Scoping Review,2022-03-05,2022,journal article,Societies,20754698,MDPI AG,,Gregor Wolbring,"<jats:p>Various phrases such as “social implications”, social impact” and “ethical, legal and social implications” are used to indicate the impact of a given scientific or technological advancements on the ‘social’. The impact on the ‘social’ is one focus of science and technology governance discussions. Many terms and phrases can be used to audit the engagement of a given technology (such as quantum technologies) with the ‘social’. Marginalized groups are particularly impacted by the ‘social’. Equity, Diversity, and, Inclusion (EDI) and similar phrases are part of discussing the ‘social’. EDI frameworks and phrases are employed as policy concepts to decrease the research, education, and general workplace problems members of marginalized groups such as women, Indigenous peoples, visible/racialized minorities, disabled people, and LGBTQ2S+ encounter at universities and other workplaces. How quantum technologies-focused discussions engage with the ‘social’ can impact EDI activities, and quantum technologies-focused discussions can be impacted in turn by EDI activities. The objective of this study was to map the engagement with the ‘social’ in the quantum technologies-focused academic literature. A scoping review coupled with a manifest coding approach was used to answer three research questions: (1) Which terms, phrases, and measures that can be seen to cover aspects of the ‘social’ are present in the quantum technologies-focused academic literature? (2) To what extent are EDI frameworks and phrases present in the quantum technologies-focused academic literature? (3) Which marginalized groups visible in EDI discourses are covered in the quantum technologies-focused academic literature? Using the academic databases SCOPUS, EBSCO-HOST, Web of Science, Compendex, Inspec Archive, and Knovel, 362,728 English language abstracts were obtained for the manifest coding using 62 Quantum-related technical phrases and 1062 English language abstracts were obtained using 17 non-technical Quantum-related phrases. Within the 362,728 abstracts of the 200 terms and phrases (which did not have to contain the term “social”) used to answer the research questions, 87 were not mentioned in any abstracts, 47 were mentioned in less than 10, 30 were mentioned in between 10 and 100, and 29 were mentioned in over 100 abstracts. Within the 1062 abstracts, 164 terms and phrases were not mentioned at all, 19 were mentioned in over 10, 8 were mentioned in between 10 and 100 (all false positive), and one was mentioned in over 100 abstracts (false positive). The term “social” or phrases containing “social” appeared in only 867 of the 362,728 abstracts and only 10 of the 1062 abstracts. EDI frameworks and phrases were not present in the 362,728 abstracts and 1062 abstracts, and many marginalized groups engaged with in EDI discussions were not present in the 362,728 and 1062 abstracts either. The results reveal vast opportunities to engage with the ‘social’ of quantum technologies in many different ways, including through EDI frameworks and concepts and by engaging with marginalized groups covered under EDI.</jats:p>",12,2,41,41,Public relations; Sociology; Audit; Indigenous; Engineering ethics; Knowledge management; Social science; Political science; Business; Engineering; Computer science; Accounting; Biology; Ecology,quantum technologies; equity; equality; diversity; inclusion; social; ethics; well-being,,,,https://www.mdpi.com/2075-4698/12/2/41/pdf?version=1647309581 https://doi.org/10.3390/soc12020041,http://dx.doi.org/10.3390/soc12020041,,10.3390/soc12020041,,,0,000-532-199-129-28X; 002-479-720-036-926; 002-938-852-162-633; 005-364-169-189-988; 005-505-765-418-704; 006-000-125-787-774; 006-745-260-005-102; 007-201-403-514-918; 007-950-090-740-962; 009-986-916-691-042; 010-963-478-093-707; 011-074-930-335-845; 012-969-768-697-234; 012-976-944-473-738; 013-161-632-061-469; 013-789-983-553-143; 013-987-709-317-209; 014-371-496-953-607; 016-856-701-779-117; 017-918-247-140-395; 018-343-704-924-331; 018-392-325-202-807; 018-460-854-153-475; 019-899-150-603-797; 020-128-680-368-763; 021-007-521-703-646; 021-500-281-067-546; 022-275-806-488-748; 023-574-157-893-511; 023-779-196-280-24X; 025-906-375-451-608; 027-750-724-119-297; 027-823-138-639-200; 028-070-691-051-712; 029-710-374-414-021; 030-122-131-940-005; 031-316-899-159-373; 031-681-935-905-640; 034-285-728-124-440; 035-736-168-029-141; 037-150-973-299-616; 037-399-882-959-512; 039-351-278-098-971; 039-567-737-976-829; 040-203-540-639-237; 040-207-013-970-487; 040-444-108-614-564; 042-042-608-947-737; 042-045-569-623-134; 042-972-764-217-85X; 043-607-486-491-429; 043-610-289-448-277; 045-292-608-567-065; 046-028-519-022-833; 046-183-241-609-823; 048-075-634-707-613; 050-010-113-211-465; 050-149-624-959-420; 051-803-863-528-644; 052-134-831-324-525; 052-195-046-484-995; 055-362-870-152-133; 056-665-332-445-347; 057-257-014-878-28X; 058-084-390-407-952; 058-330-811-713-191; 059-688-380-346-643; 060-474-740-929-175; 062-071-314-205-971; 068-086-627-361-115; 073-230-729-216-095; 075-778-170-186-396; 076-016-026-250-264; 076-583-627-019-51X; 078-997-966-420-431; 081-547-256-855-879; 081-742-797-911-873; 083-121-670-646-241; 083-588-655-217-464; 083-935-311-647-069; 084-268-308-300-291; 084-656-404-902-238; 084-873-409-497-842; 085-083-160-374-627; 087-154-890-887-027; 090-380-172-483-208; 091-384-536-435-456; 092-259-904-543-64X; 094-363-304-652-693; 095-138-157-425-161; 096-947-580-957-364; 097-688-397-876-876; 100-237-712-044-193; 102-808-393-923-340; 106-391-442-548-431; 108-774-723-893-97X; 112-231-016-666-720; 114-570-486-597-933; 115-413-290-785-497; 116-502-912-075-942; 122-491-861-539-060; 124-003-537-959-554; 124-200-741-906-356; 126-929-217-524-57X; 127-245-670-262-773; 127-721-650-760-366; 127-976-976-608-211; 135-160-447-218-283; 136-563-190-396-262; 136-677-203-511-799; 137-050-879-221-967; 137-462-219-699-683; 139-199-496-449-794; 139-816-395-163-405; 141-219-648-794-771; 145-536-855-243-686; 149-021-304-714-771; 155-920-656-556-320; 156-951-651-472-011; 157-041-474-736-787; 159-657-325-547-42X; 165-420-611-911-853; 171-201-682-214-956; 171-928-789-611-377; 172-569-425-972-90X; 172-976-250-721-030; 174-186-430-911-946; 187-352-548-188-709,31,true,cc-by,gold
077-984-647-193-252,Operational and Mission Highlights A Monthly Summary of Top Achievements July 2021,2021-08-12,2021,report,,,Office of Scientific and Technical Information (OSTI),,Lillian Anaya; Kenneth Adkins,,,,,,,,,,,http://dx.doi.org/10.2172/1813824,http://dx.doi.org/10.2172/1813824,,10.2172/1813824,3195702035,,0,,0,true,,green
078-185-739-704-14X,Front Cover,,2018,journal article,Computer,00189162; 15580814,Institute of Electrical and Electronics Engineers (IEEE),United States,,"As systems increase in complexity, so too must the design principles used by software engineers. Also in this issue: The New Killer App for Security: Software Inventory (p. 60) and A Future with Quantum Machine Learning (p. 68).",51,2,c1,c1,Computer science; Front cover; Cover (algebra); Front (military); Computer graphics (images); Geology; Mechanical engineering; Engineering; Oceanography,,,,,,http://dx.doi.org/10.1109/mc.2018.1451651,,10.1109/mc.2018.1451651,,,0,,0,false,,
090-216-327-544-788,D5.2: Specification of QRL algorithm for inventory management,2022-10-07,2022,report,Zenodo (CERN European Organization for Nuclear Research),,,,Vedran Dunjko; Simon Marshall,"The main objective of this deliverable is the theoretical development of quantum machine learning machinery for reinforcement learning, which is near-term-device friendly, yet sufficiently general to be applicable to the task of inventory management. This deliverable documents this achievement.<br> With the advent of real-world quantum computing, the idea that parametrized quantum computations can be used as hypothesis families in a quantum-classical machine learning system is gaining increasing traction. Such hybrid quantum-classical systems, which use a classical loop over a parameterized quantum circuit, have already shown the potential to tackle real-world tasks in supervised and generative learning, and recent works have established their provable advantages in special artificial tasks. Yet, in the case of reinforcement learning, which is arguably most challenging and where learning boosts would be extremely valuable, no proposal has been successful in solving even standard benchmarking tasks, nor in showing a theoretical learning advantage over classical algorithms. In this work, we achieve both. We propose a hybrid quantum-classical reinforcement learning model using very few qubits, which we show can be effectively trained to solve several standard benchmarking environments. Moreover, we demonstrate, and formally prove, the ability of parametrized quantum circuits to solve certain learning tasks that are intractable to classical models, including current state-of-art deep neural networks, under the widely-believed classical hardness of the discrete logarithm problem. Our approach is general, and has shown applicable to both discrete and continuous state domains, with discrete actions, and is thus sufficiently general for application to the problem of inventory management. Furthermore, it is built around parametrized circuits, and is thus within the accepted paradigm for near-term-friendly proposals",,,,,Computer science; Algorithm; Inventory management; Engineering; Operations management,,,,,https://zenodo.org/record/7156696,http://dx.doi.org/10.5281/zenodo.7156696,,10.5281/zenodo.7156696,,,0,,0,true,cc-by,green
118-891-044-167-322,A Novel Framework for Quantum-Enhanced Federated Learning with Edge Computing for Advanced Pain Assessment Using ECG Signals via Continuous Wavelet Transform Images.,2025-02-26,2025,journal article,"Sensors (Basel, Switzerland)",14248220; 14243210,Multidisciplinary Digital Publishing Institute (MDPI),Switzerland,Madankumar Balasubramani; Monisha Srinivasan; Wei-Horng Jean; Shou-Zen Fan; Jiann-Shing Shieh,"Our research introduces a framework that integrates edge computing, quantum transfer learning, and federated learning to revolutionize pain level assessment through ECG signal analysis. The primary focus lies in developing a robust, privacy-preserving system that accurately classifies pain levels (low, medium, and high) by leveraging the intricate relationship between pain perception and autonomic nervous system responses captured in ECG signals. At the heart of our methodology lies a signal processing approach that transforms one-dimensional ECG signals into rich, two-dimensional Continuous Wavelet Transform (CWT) images. These transformations capture both temporal and frequency characteristics of pain-induced cardiac variations, providing a comprehensive representation of autonomic nervous system responses to different pain intensities. Our framework processes these CWT images through a sophisticated quantum-classical hybrid architecture, where edge devices perform initial preprocessing and feature extraction while maintaining data privacy. The cornerstone of our system is a Quantum Convolutional Hybrid Neural Network (QCHNN) that harnesses quantum entanglement properties to enhance feature detection and classification robustness. This quantum-enhanced approach is seamlessly integrated into a federated learning framework, allowing distributed training across multiple healthcare facilities while preserving patient privacy through secure aggregation protocols. The QCHNN demonstrated remarkable performance, achieving a classification accuracy of 94.8% in pain level assessment, significantly outperforming traditional machine learning approaches.",25,5,1436,1436,Computer science; Convolutional neural network; Artificial intelligence; Deep learning; Feature extraction; Robustness (evolution); Wavelet transform; Feature learning; Pattern recognition (psychology); Wavelet; Machine learning; Biochemistry; Chemistry; Gene,edge computing; federated learning; pain assessment; quantum convolutional hybrid neural network (QCHNN); quantum transfer learning,"Humans; Electrocardiography/methods; Wavelet Analysis; Neural Networks, Computer; Signal Processing, Computer-Assisted; Pain Measurement/methods; Pain/physiopathology; Machine Learning; Algorithms; Federated Learning",,,https://www.mdpi.com/1424-8220/25/5/1436/pdf?version=1740583887 https://doi.org/10.3390/s25051436,http://dx.doi.org/10.3390/s25051436,40096220,10.3390/s25051436,,PMC11902865,0,002-295-777-621-898; 002-424-120-370-447; 005-110-719-524-497; 005-721-080-373-714; 009-335-376-770-567; 010-348-104-564-151; 010-396-504-697-70X; 013-837-132-924-122; 019-884-454-685-718; 022-529-996-450-667; 027-487-446-697-250; 027-724-646-539-405; 028-740-654-884-993; 032-351-797-767-79X; 033-234-218-110-990; 035-160-581-161-42X; 036-722-763-969-217; 039-149-224-841-345; 043-101-676-364-262; 046-010-904-081-607; 053-126-389-156-878; 057-729-123-605-662; 066-166-485-689-322; 066-954-097-536-065; 079-014-784-450-687; 090-179-355-806-116; 097-099-361-295-513; 097-366-352-115-086; 097-400-308-067-933; 098-143-769-456-589; 109-634-942-621-685; 114-427-976-441-438; 126-188-618-552-410; 126-271-883-625-622; 146-895-966-798-925; 173-277-486-896-148; 182-240-176-217-186; 190-235-916-074-111; 190-937-186-923-113,6,true,cc-by,gold
122-955-167-941-87X,Lifetime Prediction of LiFePO4 Batteries Using Multilayer Classical-Quantum  Hybrid Classifier,,2021,journal article,Journal of Quantum Computing,25790145; 25790137,Tech Science Press,,Muhammad Haris; Muhammad Noman Hasan; Abdul Basit; Shiyin Qin,"This article presents a multilayer hybrid classical-quantum classifier for predicting the lifetime of LiFePO4 batteries using early degradation data. The multilayer approach uses multiple variational quantum circuits in cascade, which allows more parameters to be used as weights in a single run hence increasing accuracy and provides faster cost function convergence for the optimizer. The proposed classifier predicts with an accuracy of 92.8% using data of the first four cycles. The effectiveness of the hybrid classifier is also presented by validating the performance using untrained data with an accuracy of 84%. We also demonstrate that the proposed classifier outperforms traditional machine learning algorithms in classification accuracy. In this paper, we show the application of quantum machine learning in solving a practical problem. This study will help researchers to apply quantum machine learning algorithms to more complex real-world applications, and reducing the gap between quantum and classical computing.",3,3,89,95,Quantum; Classifier (UML); Computer science; Materials science; Artificial intelligence; Physics; Quantum mechanics,Classical-quantum; classifier; quantum machine learning; classification; LiFePO4; Lithium-ion,,,,,http://dx.doi.org/10.32604/jqc.2021.016390,,10.32604/jqc.2021.016390,,,0,,0,true,cc-by,gold
132-101-312-181-349,Operational and Mission Highlights A Monthly Summary of Top Achievements March 2021,2021-03-01,2021,report,,,Office of Scientific and Technical Information (OSTI),,Lillian Anaya; Kenneth Adkins,,,,,,,,,,,http://dx.doi.org/10.2172/1776732,http://dx.doi.org/10.2172/1776732,,10.2172/1776732,3183569750,,0,,0,true,,green
134-203-390-704-571,QAmplifyNet: pushing the boundaries of supply chain backorder prediction using interpretable hybrid quantum-classical neural network.,2023-10-25,2023,journal article,Scientific reports,20452322,Springer Science and Business Media LLC,United Kingdom,Md Abrar Jahin; Md Sakib Hossain Shovon; Md Saiful Islam; Jungpil Shin; M F Mridha; Yuichi Okuyama,"Supply chain management relies on accurate backorder prediction for optimizing inventory control, reducing costs, and enhancing customer satisfaction. Traditional machine-learning models struggle with large-scale datasets and complex relationships. This research introduces a novel methodological framework for supply chain backorder prediction, addressing the challenge of collecting large real-world datasets with 90% accuracy. Our proposed model demonstrates remarkable accuracy in predicting backorders on short and imbalanced datasets. We capture intricate patterns and dependencies by leveraging quantum-inspired techniques within the quantum-classical neural network QAmplifyNet. Experimental evaluations on a benchmark dataset establish QAmplifyNet's superiority over eight classical models, three classically stacked quantum ensembles, five quantum neural networks, and a deep reinforcement learning model. Its ability to handle short, imbalanced datasets makes it ideal for supply chain management. We evaluate seven preprocessing techniques, selecting the best one based on logistic regression's performance on each preprocessed dataset. The model's interpretability is enhanced using Explainable artificial intelligence techniques. Practical implications include improved inventory control, reduced backorders, and enhanced operational efficiency. QAmplifyNet also achieved the highest F1-score of 94% for predicting ""Not Backorder"" and 75% for predicting ""backorder,"" outperforming all other models. It also exhibited the highest AUC-ROC score of 79.85%, further validating its superior predictive capabilities. QAmplifyNet seamlessly integrates into real-world supply chain management systems, empowering proactive decision-making and efficient resource allocation. Future work involves exploring additional quantum-inspired techniques, expanding the dataset, and investigating other supply chain applications. This research unlocks the potential of quantum computing in supply chain optimization and paves the way for further exploration of quantum-inspired machine learning models in supply chain management. Our framework and QAmplifyNet model offer a breakthrough approach to supply chain backorder prediction, offering superior performance and opening new avenues for leveraging quantum-inspired techniques in supply chain management.",13,1,18246,18246,Interpretability; Computer science; Supply chain; Artificial neural network; Benchmark (surveying); Artificial intelligence; Machine learning; Data mining; Law; Political science; Geography; Geodesy,Engineering; Mathematics and computing,,,,https://www.nature.com/articles/s41598-023-45406-7.pdf https://doi.org/10.1038/s41598-023-45406-7 https://pmc.ncbi.nlm.nih.gov/articles/PMC10600161/pdf/41598_2023_Article_45406.pdf https://www.ncbi.nlm.nih.gov/pmc/articles/10600161,http://dx.doi.org/10.1038/s41598-023-45406-7,37880386,10.1038/s41598-023-45406-7,,PMC10600161,0,002-018-348-707-997; 002-086-594-987-490; 004-246-118-085-51X; 005-897-273-794-880; 007-587-447-821-228; 008-928-979-228-782; 009-870-933-968-467; 012-065-150-005-206; 013-231-635-980-162; 014-082-107-904-334; 014-520-767-877-391; 015-579-750-418-298; 017-929-057-292-981; 025-916-718-275-458; 026-638-864-832-151; 029-706-906-093-942; 029-803-646-760-538; 030-589-504-330-533; 032-879-282-531-038; 037-036-633-916-412; 038-224-180-823-970; 048-458-420-759-977; 050-254-268-053-140; 055-999-087-584-434; 062-991-804-341-046; 066-129-271-213-035; 071-645-090-606-35X; 073-327-254-944-566; 079-452-557-990-843; 079-563-671-471-846; 081-238-786-593-918; 089-684-083-469-583; 095-024-338-859-297; 097-320-410-698-846; 097-548-300-492-354; 100-248-510-663-352; 105-963-593-136-99X; 106-944-685-498-501; 112-607-213-452-919; 119-924-958-013-914; 120-409-132-365-453; 127-992-632-103-359; 138-876-057-304-445; 158-921-799-770-037; 160-208-842-957-138; 189-071-951-639-700,31,true,"CC BY, CC BY-NC-ND",gold
134-737-523-459-757,Agile Marketing Through Quantum Machine Learning (QML) Techniques for Transforming Retail Operations and E-Commerce,2025-03-26,2025,book chapter,"Advances in Marketing, Customer Relationship Management, and E-Services",23275502; 23275529,IGI Global Scientific Publishing,,Sindhura Kannappan; N. Padmashri; R. Swathiramya; S. Anusha; S. Manikandan,"<jats:p>This chapter discusses the integration of agile marketing strategy with quantum machine learning (QML) for shop floor operations and e-commerce revolution. Given these amazing changes in the retail environment, such agile frameworks are appropriate to promote flexibility and rapid response to changing customer behaviors. With the help of QML, companies can now process massive data sets at speeds unprecedented hitherto and provide a deeper view of consumer preferences at the physical touchpoints and their related digital touchpoints. It reduces inventory management on the shop floor and in-store personalized experience for a customer and real-time decision-making. On the e-commerce end, it makes possible all those things that make for effective targeted marketing, dynamic pricing, and also customer segmentation. That synergy of agile methodologies coupled with QML boosts operational efficiency and helps retailers to compete keenly in the marketplace.</jats:p>",,,455,482,,,,,,,http://dx.doi.org/10.4018/979-8-3693-9783-1.ch017,,10.4018/979-8-3693-9783-1.ch017,,,0,,0,false,,
136-749-121-841-137,A Quantum-Hybrid Framework for Urban Environmental Forecasting Integrating Advanced AI and Geospatial Simulation.,2025-12-05,2025,journal article,"Sensors (Basel, Switzerland)",14248220; 14243210,Multidisciplinary Digital Publishing Institute (MDPI),Switzerland,Janis Peksa; Andrii Perekrest; Kyrylo Vadurin; Dmytro Mamchur,"The paper examines the development of forecasting and modeling technologies for environmental processes using classical and quantum data analysis methods. The main focus is on the integration of deep neural networks and classical algorithms, such as AutoARIMA and BATS, with quantum approaches to improve the accuracy of forecasting environmental parameters. The research is aimed at solving key problems in environmental monitoring, particularly insufficient forecast accuracy and the complexity of processing small data with high discretization. We developed the concept of an adaptive system for predicting environmental conditions in urban agglomerations. Hybrid forecasting methods were proposed, which include the integration of quantum layers in LSTM, Transformer, ARIMA, and other models. Approaches to spatial interpolation of environmental data and the creation of an interactive air pollution simulator based on the A* algorithm and the Gaussian kernel were considered. Experimental results confirmed the effectiveness of the proposed methods. The practical significance lies in the possibility of using the developed models for operational monitoring and forecasting of environmental threats. The results of the work can be applied in environmental information systems to increase the accuracy of forecasts and adaptability to changing environmental conditions.",25,24,7422,7422,,AutoARIMA; DPPDM; LSTM; deep neural networks; environmental information system; environmental monitoring; forecasting; quantum computing; spatial modeling; time series,,,,https://www.mdpi.com/1424-8220/25/24/7422/pdf https://doi.org/10.3390/s25247422,http://dx.doi.org/10.3390/s25247422,41471418,10.3390/s25247422,,PMC12737007,0,003-484-511-297-508; 003-496-013-421-674; 009-957-112-268-14X; 014-681-991-380-870; 016-273-936-933-567; 020-686-790-873-492; 022-035-337-229-977; 023-347-185-027-40X; 037-047-148-532-582; 043-803-967-841-07X; 048-290-858-196-746; 051-268-258-920-355; 052-386-435-940-263; 057-454-759-724-122; 057-668-223-210-848; 077-749-705-365-228; 078-451-911-779-987; 080-855-086-943-275; 083-041-687-125-32X; 086-537-013-613-800; 093-159-911-873-135; 096-939-711-834-656; 098-472-794-238-417; 099-188-208-178-860; 100-429-111-559-278; 111-853-800-549-894; 112-128-922-128-62X; 114-442-370-751-330; 117-526-262-296-606; 126-510-039-627-943; 134-658-233-012-521; 141-995-134-816-648; 143-256-553-157-126; 143-342-158-675-135; 154-309-020-422-017; 167-887-600-154-254; 178-574-868-695-31X; 196-460-415-935-314; 197-868-488-236-747; 199-898-397-401-057,1,true,cc-by,gold
138-768-839-753-570,Quantum Computing in Supply Chain Management State of the Art and Research Directions,2022-05-23,2022,journal article,Asian Journal of Logistics Management,28301803,Institute of Research and Community Services Diponegoro University (LPPM UNDIP),,Phillip Gachnang; Joachim Ehrenthal; Thomas Hanne; Rolf Dornberger,"<jats:p>Quantum computing is the most promising computational advance of the coming decade for solving the most challenging problems in supply chain management and logistics. This paper reviews the state-of-the-art of quantum computing and provides directions for future research. First, general concepts relevant to quantum computers and quantum computing are introduced. Second, the dominating quantum technologies are presented. Third, the quantum industry is analyzed, and recent applications in different fields of supply chain management and logistics are illustrated. Fourth, directions for future research are given. We hope this review to educate and inspire the use of quantum computing in the fields of optimization, artificial intelligence, and machine learning for supply chain and logistics.</jats:p>",1,1,57,73,Quantum computer; Computer science; Supply chain; Quantum; Supply chain management; State (computer science); Quantum state; Quantum machine learning; Management science; Systems engineering; Engineering; Business; Physics; Algorithm; Quantum mechanics; Marketing,Quantum Computing; Review; Supply Chain Technology,,,,https://ejournal2.undip.ac.id/index.php/ajlm/article/download/14325/7213 https://doi.org/10.14710/ajlm.2022.14325,http://dx.doi.org/10.14710/ajlm.2022.14325,,10.14710/ajlm.2022.14325,,,0,000-151-828-705-86X; 001-418-444-006-337; 010-912-119-213-746; 010-933-616-221-811; 011-019-734-964-407; 011-848-193-438-436; 013-233-544-545-439; 013-675-172-148-923; 017-214-020-417-630; 018-487-597-399-932; 019-296-851-934-799; 029-803-646-760-538; 030-738-950-609-944; 034-139-893-566-087; 040-702-618-287-339; 047-529-940-127-788; 058-515-771-398-289; 059-053-962-416-50X; 065-180-891-373-491; 073-514-051-601-495; 078-219-734-942-790; 079-379-795-406-827; 086-112-579-208-616; 092-230-315-107-904; 092-360-426-719-01X; 097-256-669-383-356; 101-760-336-319-466; 115-857-604-701-899; 118-097-115-074-468; 122-666-175-857-095; 141-628-767-995-872; 145-033-442-702-210,25,true,cc-by-sa,hybrid
141-847-466-564-024,"6G Enabled Smart Infrastructure for Sustainable Society: Opportunities, Challenges, and Research Roadmap",2021-03-02,2021,journal article,"Sensors (Basel, Switzerland)",14248220; 14243210,Multidisciplinary Digital Publishing Institute (MDPI),Switzerland,Agbotiname Lucky Imoize; Oluwadara Adedeji; Nistha Tandiya; Sachin Shetty,"The 5G wireless communication network is currently faced with the challenge of limited data speed exacerbated by the proliferation of billions of data-intensive applications. To address this problem, researchers are developing cutting-edge technologies for the envisioned 6G wireless communication standards to satisfy the escalating wireless services demands. Though some of the candidate technologies in the 5G standards will apply to 6G wireless networks, key disruptive technologies that will guarantee the desired quality of physical experience to achieve ubiquitous wireless connectivity are expected in 6G. This article first provides a foundational background on the evolution of different wireless communication standards to have a proper insight into the vision and requirements of 6G. Second, we provide a panoramic view of the enabling technologies proposed to facilitate 6G and introduce emerging 6G applications such as multi-sensory–extended reality, digital replica, and more. Next, the technology-driven challenges, social, psychological, health and commercialization issues posed to actualizing 6G, and the probable solutions to tackle these challenges are discussed extensively. Additionally, we present new use cases of the 6G technology in agriculture, education, media and entertainment, logistics and transportation, and tourism. Furthermore, we discuss the multi-faceted communication capabilities of 6G that will contribute significantly to global sustainability and how 6G will bring about a dramatic change in the business arena. Finally, we highlight the research trends, open research issues, and key take-away lessons for future research exploration in 6G wireless communication.",21,5,1709,,Wireless network; Risk analysis (engineering); 5G; Quality (business); Computer science; Wireless; Sustainability,6G applications; 6G business model; 6G challenges; 6G enabling technologies; 6G infrastructure; 6G requirements; 6G sustainability; 6G use cases; 6G vision; 6G wireless communication,,,,https://pubmed.ncbi.nlm.nih.gov/33801302/ https://ui.adsabs.harvard.edu/abs/2021Senso..21.1709I/abstract https://europepmc.org/article/PMC/PMC7958349 https://digitalcommons.odu.edu/cgi/viewcontent.cgi?article=1056&context=vmasc_pubs https://digitalcommons.odu.edu/vmasc_pubs/55/ https://www.mdpi.com/1424-8220/21/5/1709 https://dblp.uni-trier.de/db/journals/sensors/sensors21.html#ImoizeATS21 https://vtechworks.lib.vt.edu/handle/10919/102709 https://www.ncbi.nlm.nih.gov/pmc/articles/PMC7958349/ https://www.mdpi.com/1424-8220/21/5/1709/pdf,http://dx.doi.org/10.3390/s21051709,33801302,10.3390/s21051709,3133651327,PMC7958349,0,000-271-320-406-654; 000-479-302-284-705; 000-583-809-793-672; 000-700-424-078-942; 000-849-491-818-790; 001-033-916-684-279; 002-096-990-063-82X; 002-481-849-819-094; 003-079-153-798-273; 003-282-642-564-375; 003-800-845-592-891; 004-097-973-010-168; 004-479-047-546-872; 004-702-522-298-564; 005-005-103-531-133; 005-606-951-841-525; 006-199-605-406-898; 006-336-570-662-880; 006-469-574-753-906; 006-480-504-781-626; 006-920-968-782-623; 006-950-733-921-577; 006-964-266-567-528; 007-683-300-308-411; 007-738-251-395-20X; 008-239-389-463-471; 008-256-392-040-140; 008-650-976-361-891; 009-129-542-011-500; 010-710-299-964-030; 010-744-216-904-581; 011-621-379-143-963; 011-899-787-747-906; 012-177-179-369-376; 012-333-850-272-995; 012-453-090-749-741; 012-488-263-305-429; 013-101-522-093-182; 013-125-502-377-942; 013-770-693-979-904; 013-824-255-951-371; 013-954-426-443-415; 014-078-425-648-434; 014-563-199-723-035; 014-828-038-803-449; 015-151-180-409-922; 015-223-968-408-888; 016-710-969-307-549; 017-322-193-203-006; 017-851-374-092-580; 018-389-827-354-483; 018-397-382-210-304; 018-488-984-654-328; 018-540-055-558-003; 018-554-887-687-913; 018-756-473-783-302; 019-009-630-070-654; 019-822-862-176-476; 020-002-201-153-447; 020-252-859-149-083; 020-466-604-218-87X; 020-492-975-053-436; 020-639-748-234-812; 020-925-874-601-895; 021-338-700-721-395; 022-383-723-399-422; 022-634-714-384-636; 022-663-569-303-029; 022-748-155-163-743; 022-848-691-980-366; 023-253-481-017-057; 023-480-382-582-00X; 023-603-491-905-610; 024-144-992-347-414; 024-220-637-785-710; 025-392-116-785-94X; 025-515-683-650-440; 026-332-454-643-508; 026-720-776-023-760; 026-741-062-771-989; 027-818-938-540-018; 028-232-581-949-707; 028-290-987-434-100; 028-816-235-674-084; 029-579-774-287-518; 029-582-769-728-478; 030-044-053-116-06X; 030-625-486-251-342; 030-936-525-564-690; 030-941-702-691-815; 031-716-187-901-659; 032-220-505-346-185; 032-344-713-047-483; 032-450-366-441-855; 033-550-104-692-800; 033-592-733-370-703; 033-885-638-052-466; 033-967-100-518-403; 034-257-409-652-731; 034-748-295-919-181; 034-943-004-894-177; 035-057-839-585-890; 035-981-351-387-990; 036-721-125-946-542; 037-168-133-388-080; 038-855-739-399-084; 039-843-659-452-242; 040-319-212-487-726; 040-501-098-451-279; 040-754-436-026-351; 042-261-182-611-223; 042-404-957-049-754; 042-406-766-161-195; 043-766-410-474-698; 043-786-681-789-964; 043-790-029-851-335; 044-636-648-444-617; 044-764-659-690-668; 045-559-763-826-012; 045-916-567-774-764; 045-960-304-744-852; 046-615-625-086-562; 047-308-128-501-282; 047-578-090-361-594; 047-714-556-793-043; 048-938-150-271-527; 049-240-798-481-238; 050-175-673-666-789; 051-386-881-523-703; 051-455-406-596-950; 051-750-632-216-84X; 051-973-468-629-981; 052-029-167-531-23X; 052-175-076-074-497; 052-747-725-100-159; 053-456-266-505-603; 053-630-859-901-776; 053-795-604-256-264; 054-387-300-593-425; 054-773-581-600-315; 056-554-717-542-138; 056-888-341-967-68X; 057-316-834-348-695; 057-687-141-917-982; 058-685-223-359-176; 058-854-905-338-385; 059-159-356-721-622; 059-732-589-730-748; 059-784-486-625-579; 060-296-413-319-995; 060-920-183-011-608; 061-789-573-275-006; 062-455-693-549-696; 062-950-017-373-961; 063-278-723-628-953; 063-358-167-774-81X; 063-672-302-026-52X; 064-446-276-797-689; 064-762-908-685-664; 065-535-839-610-71X; 066-133-060-694-491; 066-543-340-392-924; 066-543-592-017-952; 067-120-945-953-255; 067-485-174-829-812; 068-253-847-007-674; 068-725-671-243-958; 069-625-294-302-729; 070-535-242-342-290; 071-391-261-560-636; 071-649-352-621-997; 072-281-199-378-567; 072-834-730-769-579; 073-113-353-720-599; 073-452-618-510-623; 073-644-095-327-681; 073-648-315-480-345; 074-013-604-985-099; 074-096-974-934-244; 074-233-680-428-694; 074-286-737-958-311; 074-361-501-223-498; 074-698-971-066-654; 074-771-062-072-852; 075-304-936-759-211; 076-294-518-788-781; 077-501-287-034-709; 077-963-811-566-055; 078-180-668-161-463; 078-263-702-818-486; 078-409-620-726-923; 079-424-790-594-734; 079-971-321-080-952; 081-154-730-369-329; 082-550-455-730-204; 082-617-786-088-985; 082-944-987-254-36X; 082-953-405-063-112; 083-070-456-365-572; 083-616-225-794-275; 084-005-328-533-67X; 084-154-057-339-419; 085-816-584-354-430; 086-035-228-781-182; 086-668-069-484-104; 086-900-900-444-082; 087-851-440-435-107; 087-928-611-963-012; 088-362-689-216-910; 088-462-597-385-555; 088-824-929-291-009; 089-090-952-702-351; 089-200-326-044-018; 089-849-296-885-209; 091-992-526-524-497; 092-831-052-524-776; 093-211-598-564-234; 093-339-170-437-392; 095-382-867-521-03X; 096-147-655-038-19X; 096-158-735-961-551; 097-110-948-083-135; 097-336-910-329-357; 097-406-637-408-062; 098-354-920-322-39X; 098-807-100-564-018; 099-102-731-321-609; 099-373-385-765-024; 099-959-367-640-429; 100-981-358-591-156; 101-035-446-596-534; 101-086-875-286-390; 101-176-861-635-990; 102-875-192-501-096; 102-966-516-916-057; 103-303-983-453-310; 103-378-728-941-030; 103-467-044-418-18X; 103-629-195-179-461; 103-939-132-849-310; 104-002-350-151-459; 105-402-434-508-936; 106-692-451-551-543; 107-600-628-320-229; 107-878-457-791-283; 109-234-547-632-621; 110-646-432-988-456; 112-609-207-005-791; 112-657-069-032-527; 113-349-310-809-462; 113-874-563-958-656; 114-237-804-559-74X; 114-457-197-715-978; 114-961-390-923-798; 116-001-769-263-039; 116-423-281-982-822; 119-105-709-930-472; 119-187-898-455-798; 119-324-425-277-459; 119-632-429-428-765; 120-017-428-559-086; 120-154-167-000-882; 120-661-093-316-695; 120-733-405-124-108; 121-014-022-299-205; 121-619-646-211-357; 121-951-664-921-605; 122-065-356-336-455; 123-255-536-497-639; 125-795-343-058-314; 126-563-821-254-509; 126-624-669-066-349; 126-954-341-460-598; 127-457-532-273-006; 128-208-739-021-163; 128-311-402-382-954; 129-507-004-416-195; 131-214-690-716-958; 132-459-100-778-422; 134-800-883-421-735; 135-360-717-142-722; 137-637-948-499-405; 139-853-871-300-718; 140-215-436-040-228; 143-323-447-973-848; 144-456-364-556-550; 144-888-176-933-581; 145-846-758-552-675; 146-318-542-160-709; 147-430-987-749-694; 156-554-257-127-202; 157-879-623-479-833; 158-056-192-417-68X; 158-550-060-332-768; 163-672-556-265-93X; 165-455-788-942-743; 168-850-540-432-925; 169-789-144-463-283; 171-990-852-173-435; 172-194-422-706-157; 173-158-517-960-770; 173-260-035-822-026; 173-444-407-808-345; 173-518-101-939-317; 175-184-555-944-300; 178-782-384-257-512; 178-880-326-958-141; 180-896-056-483-550; 181-251-863-811-424; 185-346-704-181-151; 188-042-279-677-258; 188-253-263-014-273; 190-757-121-222-684; 191-901-192-346-270,246,true,cc-by,gold
150-044-674-554-688,QUANTUM COMMUNICATION INTELLIGENCE CHAIN: A CARDINAL COADJUVANT MODEL,2019-03-31,2019,journal article,Zenodo (CERN European Organization for Nuclear Research),,,,Prafulla Kumar Padhi,"This conceptual research proposes a quantum communication intelligence chain (QCIC) cardinal symbiotic model composed of ―Integrant Technologies‖ that are unsung heroes integrating quantum computing, 5G wireless communication, artificial intelligence, and blockchain transforming industries from all business sectors creating the impact to spur market growth and the global economy in the 21st century.A comprehensive analysis of integrant technological developmental endeavors in the field of quantum computing, 5G (fifth generation) mobile communication, artificial intelligence, and blockchain are offered to ensure the futuristic synergetic systems thinking that are going to provide evolutionary and revolutionary applications in the years to come. The author applies exhaustive literature review, system thinking methodology, and a case study (Inditex Group) of the fashion industrythat focus on delivering the best possible evidence-based research and perspective on QCIC design applications. The contribution of this research provides the essential principles of systems thinking design with the QCIC innovation as “holistic and interdisciplinary” approach forthe transformation of value chain to overcome competition to attain design transcendence and stakeholder satisfaction creating sustainable value co-creation.This study provides precept to various industry practitioners, non-government organizations (NGOs), academia, entrepreneurs, investors, and policymakers to assuage economic benefit setting the stage for exciting new devices and services in the years ahead. Future researchers can build on QCIC systems thinking to examine the limitations of this model by using empirical researches.",,,,,Chain (unit); Quantum; Psychology; Cognitive science; Philosophy; Physics; Quantum mechanics,Quantum Computing; 5G Wireless; Artificial Intelligence; Blockchain; Fashion; Systems Thinking,,,,https://zenodo.org/record/2619266,http://dx.doi.org/10.5281/zenodo.2619266,,10.5281/zenodo.2619266,,,0,,0,true,cc-by,green
157-099-131-321-215,Machine Learning for Physical Layer in 5G and beyond Wireless Networks: A Survey,2021-12-30,2021,journal article,Electronics,20799292,MDPI AG,,Jawad Tanveer; Amir Haider; Rashid Ali; Ajung Kim,"<jats:p>Fifth-generation (5G) technology will play a vital role in future wireless networks. The breakthrough 5G technology will unleash a massive Internet of Everything (IoE), where billions of connected devices, people, and processes will be simultaneously served. The services provided by 5G include several use cases enabled by the enhanced mobile broadband, massive machine-type communications, and ultra-reliable low-latency communication. Fifth-generation networks potentially merge multiple networks on a single platform, providing a landscape for seamless connectivity, particularly for high-mobility devices. With their enhanced speed, 5G networks are prone to various research challenges. In this context, we provide a comprehensive survey on 5G technologies that emphasize machine learning-based solutions to cope with existing and future challenges. First, we discuss 5G network architecture and outline the key performance indicators compared to the previous and upcoming network generations. Second, we discuss next-generation wireless networks and their characteristics, applications, and use cases for fast connectivity to billions of devices. Then, we confer physical layer services, functions, and issues that decrease the signal quality. We also present studies on 5G network technologies, 5G propelling trends, and architectures that help to achieve the goals of 5G. Moreover, we discuss signaling techniques for 5G massive multiple-input and multiple-output and beam-forming techniques to enhance data rates with efficient spectrum sharing. Further, we review security and privacy concerns in 5G and standard bodies’ actionable recommendations for policy makers. Finally, we also discuss emerging challenges and future directions.</jats:p>",11,1,121,121,Computer science; Mobile broadband; Wireless network; Cellular network; Physical layer; Wireless; Context (archaeology); Computer network; Broadband; Telecommunications; Paleontology; Biology,5G; B5G; wireless networks; machine learning; MIMO; physical layer; IoT,,,National Research Foundation of Korea; National Research Foundation of Korea,https://www.mdpi.com/2079-9292/11/1/121/pdf?version=1640867150 https://doi.org/10.3390/electronics11010121,http://dx.doi.org/10.3390/electronics11010121,,10.3390/electronics11010121,,,0,000-441-097-099-709; 000-827-669-299-24X; 001-387-207-306-820; 001-597-935-048-845; 001-663-944-603-751; 001-665-540-258-073; 002-093-383-440-095; 002-485-276-280-439; 004-137-505-478-388; 004-507-051-625-050; 004-868-836-616-094; 005-113-405-132-099; 005-840-199-024-281; 006-213-793-787-912; 006-299-208-529-18X; 006-414-906-210-505; 006-571-564-579-490; 006-918-705-318-631; 007-116-718-738-151; 007-298-498-640-485; 007-549-877-144-207; 007-738-251-395-20X; 008-206-544-208-526; 008-326-268-460-990; 009-375-453-684-168; 009-444-030-724-742; 010-235-382-665-971; 010-908-119-609-431; 011-130-619-171-693; 011-844-689-479-030; 012-370-136-038-416; 013-024-374-365-732; 013-080-664-069-022; 013-096-316-731-805; 013-171-957-176-482; 013-957-431-865-894; 014-994-691-183-258; 015-315-391-970-056; 015-351-303-414-606; 015-436-982-135-096; 015-513-569-894-634; 015-794-767-150-648; 015-935-857-293-315; 016-566-067-835-306; 016-904-719-895-937; 016-972-994-037-915; 017-378-709-467-33X; 017-721-866-468-913; 017-805-921-253-658; 018-010-929-989-093; 018-371-528-767-223; 018-623-607-343-478; 018-745-834-397-834; 018-940-091-375-135; 018-994-554-309-366; 019-009-630-070-654; 019-112-842-613-273; 019-215-610-025-597; 019-869-334-394-152; 020-295-765-022-700; 020-484-441-569-104; 020-568-112-605-571; 020-685-403-361-928; 020-939-609-058-323; 021-060-890-020-034; 021-594-568-378-835; 022-266-310-335-700; 022-533-894-635-064; 022-593-987-074-010; 023-446-379-053-677; 023-494-143-482-260; 023-528-978-059-877; 023-996-728-683-05X; 024-060-413-614-808; 024-220-637-785-710; 024-252-758-810-077; 024-499-590-324-810; 024-762-696-906-638; 025-556-175-020-275; 027-086-898-131-592; 027-706-236-841-522; 028-816-235-674-084; 028-982-744-224-536; 029-051-760-233-556; 029-071-424-462-868; 029-108-946-726-783; 030-053-021-844-972; 030-209-635-764-190; 030-422-409-290-540; 030-641-445-882-56X; 031-249-357-536-931; 032-450-366-441-855; 032-765-613-698-022; 032-861-159-081-427; 032-982-268-603-387; 033-321-839-416-285; 033-529-841-170-491; 033-589-128-632-034; 033-992-942-858-716; 034-036-189-217-711; 034-357-124-308-126; 035-057-839-585-890; 035-140-097-147-02X; 035-271-838-880-203; 035-601-508-885-983; 035-989-972-384-019; 036-126-164-573-586; 036-724-521-883-129; 037-038-144-568-903; 037-438-222-265-549; 037-521-125-618-952; 037-626-763-216-596; 038-483-293-805-759; 038-618-919-368-876; 039-178-375-183-434; 039-421-167-944-822; 039-595-056-779-086; 039-686-565-314-90X; 039-938-379-054-970; 041-051-667-469-438; 041-163-359-117-859; 041-502-967-234-702; 041-634-505-024-588; 042-003-108-389-271; 042-097-131-898-63X; 042-292-772-119-572; 042-419-088-718-523; 042-955-288-158-080; 043-141-762-439-52X; 043-514-589-763-295; 043-815-617-984-503; 044-292-545-059-541; 044-509-571-404-462; 044-795-538-570-565; 045-435-562-615-230; 045-590-972-970-630; 045-655-458-808-897; 046-286-724-626-232; 046-438-560-448-926; 046-461-173-801-65X; 047-760-909-537-107; 047-885-946-148-003; 048-429-212-412-765; 048-930-782-965-280; 049-521-624-944-600; 049-631-787-288-350; 050-424-039-185-288; 050-589-913-175-875; 051-144-207-750-187; 052-010-217-760-306; 052-510-259-458-800; 052-511-182-782-884; 052-633-208-916-795; 052-707-803-093-489; 054-627-710-246-354; 055-267-050-913-560; 056-428-913-856-348; 056-453-389-603-030; 057-516-613-098-318; 057-664-852-185-819; 057-780-380-012-570; 057-996-572-505-890; 059-371-596-981-982; 059-395-052-125-148; 060-533-456-423-289; 061-137-148-619-441; 061-193-761-342-512; 061-572-230-795-627; 061-618-683-028-544; 061-828-951-801-907; 061-916-982-088-358; 062-639-609-431-473; 062-720-602-502-716; 062-783-090-820-363; 063-043-616-212-593; 063-315-374-567-792; 064-397-016-327-359; 065-628-898-825-73X; 065-798-987-224-559; 066-803-831-117-60X; 067-251-586-462-146; 067-803-433-707-133; 067-808-889-549-404; 069-384-298-971-757; 069-529-470-716-200; 069-608-063-267-722; 069-887-600-585-182; 070-135-338-472-257; 070-224-954-729-620; 070-311-911-990-365; 070-590-855-660-226; 070-922-169-228-669; 071-228-923-507-800; 071-476-593-156-018; 072-086-786-496-038; 072-517-873-151-013; 073-274-612-589-247; 073-306-932-188-710; 073-729-603-534-912; 073-787-172-615-248; 074-294-485-683-410; 074-361-501-223-498; 075-172-772-349-897; 076-294-518-788-781; 076-866-418-573-389; 076-992-655-345-555; 077-109-477-163-695; 077-670-437-179-696; 078-056-525-994-830; 078-164-082-390-437; 079-201-193-223-419; 079-713-800-341-003; 081-122-237-165-73X; 082-078-672-842-871; 082-251-720-476-471; 082-253-054-365-209; 082-517-229-731-01X; 082-530-392-580-588; 083-027-111-625-582; 083-621-285-229-717; 084-005-328-533-67X; 084-291-652-870-635; 084-683-306-478-203; 087-755-357-556-303; 088-097-249-723-615; 088-271-819-170-970; 089-037-152-142-664; 089-726-380-468-192; 090-679-260-102-686; 091-880-901-245-347; 092-137-521-119-512; 092-285-729-245-694; 093-132-610-785-406; 093-896-386-334-327; 094-765-047-491-244; 095-683-916-200-216; 095-710-753-285-884; 096-049-252-210-46X; 096-642-845-365-747; 097-413-699-409-840; 098-963-244-848-655; 099-458-343-717-246; 099-971-894-542-830; 100-655-018-930-090; 101-412-775-908-624; 102-597-468-194-289; 102-620-025-426-119; 104-167-834-669-348; 104-617-957-026-911; 106-224-244-904-548; 106-774-036-813-461; 106-809-943-584-727; 109-555-058-456-636; 109-805-448-498-566; 109-975-133-210-291; 110-125-829-988-004; 110-630-430-424-140; 111-825-283-772-992; 112-050-013-366-375; 112-503-589-157-76X; 112-609-207-005-791; 112-934-261-553-472; 112-996-819-797-956; 113-639-596-283-683; 114-151-759-632-372; 116-230-457-725-061; 117-835-098-411-818; 118-032-519-021-963; 119-803-515-676-03X; 119-803-786-784-657; 120-296-267-499-880; 120-741-862-747-343; 121-000-461-447-460; 121-619-646-211-357; 121-878-047-294-839; 122-065-356-336-455; 122-417-762-671-319; 122-459-592-102-492; 124-374-062-635-961; 124-919-689-536-884; 125-227-337-001-260; 125-481-596-420-949; 125-636-804-016-777; 127-845-881-654-944; 128-630-243-693-971; 128-809-993-974-166; 129-206-190-977-463; 129-384-106-221-367; 129-911-366-596-490; 131-140-292-705-453; 131-151-117-422-29X; 131-875-082-708-557; 131-941-483-950-785; 132-388-830-732-017; 132-459-100-778-422; 132-792-338-670-656; 133-163-315-169-660; 133-581-661-608-533; 135-682-843-605-742; 136-399-127-339-693; 136-699-576-708-305; 138-897-345-764-051; 139-646-383-037-701; 141-880-398-581-133; 142-085-942-428-911; 143-637-203-695-10X; 144-059-399-459-751; 147-611-897-831-822; 150-949-947-577-647; 151-351-901-305-515; 152-354-919-841-324; 153-357-883-205-202; 153-992-388-085-058; 155-102-663-397-474; 156-576-116-605-167; 157-276-203-607-867; 157-711-277-184-944; 157-991-297-649-488; 163-669-300-556-47X; 165-124-382-655-705; 171-176-734-689-944; 172-194-422-706-157; 172-547-645-200-621; 172-586-435-332-564; 175-634-771-260-152; 177-289-632-786-144; 178-782-384-257-512; 179-043-003-624-524; 179-339-991-299-79X; 179-880-390-873-579; 181-472-522-196-178,37,true,cc-by,gold
161-301-415-013-83X,Predicting Demand in Supply Chain Networks With Quantum Machine Learning Approach,2024-06-30,2024,book chapter,"Advances in Logistics, Operations, and Management Science",2327350x; 23273518,IGI Global,,Sunil Kumar Sehrawat; Pushan Kumar Dutta; Ashima Bhatnagar Bhatia; Pawan Whig,"<jats:p>This chapter explores the application of quantum machine learning (QML) techniques for demand prediction in supply chain networks. Traditional demand forecasting methods often struggle to capture the intricate dynamics and uncertainties present in modern supply chains. By leveraging the computational power and probabilistic nature of quantum computing, coupled with the flexibility and adaptability of machine learning algorithms, organizations can enhance the accuracy and efficiency of their demand prediction processes. This chapter provides an overview of QML methodologies tailored specifically for demand prediction in supply chain networks, highlighting their advantages over classical approaches. Through case studies and practical examples, the chapter demonstrates how QML can enable organizations to make more informed decisions, optimize inventory levels, and improve overall supply chain performance.</jats:p>",,,33,47,Computer science; Supply chain; On demand; Quantum; Business; Physics; Quantum mechanics; Marketing; Multimedia,,,,,,http://dx.doi.org/10.4018/979-8-3693-4107-0.ch002,,10.4018/979-8-3693-4107-0.ch002,,,0,027-487-446-697-250; 037-587-316-143-55X; 045-425-270-443-255; 096-075-072-784-959; 105-578-356-183-011; 127-200-898-240-504; 134-203-390-704-571; 151-327-746-441-348; 173-314-795-345-18X,11,false,,
174-483-437-566-859,CNS Summit: Selected Abstracts from the 2018 Meeting.,2018-11-01,2018,journal article,Innovations in clinical neuroscience,21588333; 21588341,Matrix Medical Communications,United States,,"Dear Colleagues: Welcome to the annual CNS Summit Abstracts of Poster Presentations supplement to Innovations in Clinical Neuroscience. We are pleased to provide you with this reference guide to some of the innovative research that is being presented during CNS Summit 2018. The supplement is also available online by visiting www.innovationscns.com. This supplement is just a small representation of what has become the premier event each year in drug development. Over 500 leaders in the field are attending this year' s CNS Summit to experience more enlightening talks and innovative reveals than ever before. Here at the CNS Summit, participants will discover the latest advances in pharmaceutical research and development, such as digital biomarkers, mobile medicine, and AI and machine learning, as well as witness the unveiling of several new innovative products and technologies. Additionally, through the proprietary CNS Summit One-to-One Meeting Platform, participants have the unique opportunity to network with the key stakeholders involved in the discovery and development of new compounds and therapies in medicine. The CNS Summit is committed to collaboration among all entities involved in drug development, and we believe collaboration and data sharing with those involved in research across a wide variety of disease states will create more opportunity for developing better, safer, and more accessible drugs universally and within all areas of healthcare. S14",15,11-12,S3,S19,Summit; Medicine; Library science; World Wide Web; Data science; Cartography; Computer science; Geography,,,,,,https://www.ncbi.nlm.nih.gov/pubmed/30937215,30937215,,,PMC6424577,0,,0,true,,unknown
