id,titulo,autores_completo,ano,venue,publication_type,doi,url,is_open_access,citing_works,tipo_problema_auto,revisado,relevancia_final,problema_validado,metodo_qml,metodo_qml_detalhe,baseline_classico,dataset_nome,dataset_tamanho,dataset_fonte,metricas,resultado_qml_vs_classico,diferenca_percentual,hardware,hardware_detalhe,n_qubits,limitacoes,tipo_contribuicao,contribuicao_para_sc,notas
177-234-812-186-287,A data analytics-driven approach to backorder prediction using federated machine learning in industrial supply chains.,Asma Sattar; Maryam Bukhari; Zahoor Ur Rehman; Saman Khalid; Yangsun Lee; Seungmin Rho,2026.0,Scientific reports,journal article,10.1038/s41598-025-34578-z,http://dx.doi.org/10.1038/s41598-025-34578-z,True,0,backorder_prediction,,,,,,,,,,,,,,,,,,,
134-203-390-704-571,QAmplifyNet: pushing the boundaries of supply chain backorder prediction using interpretable hybrid quantum-classical neural network.,Md Abrar Jahin; Md Sakib Hossain Shovon; Md Saiful Islam; Jungpil Shin; M F Mridha; Yuichi Okuyama,2023.0,Scientific reports,journal article,10.1038/s41598-023-45406-7,http://dx.doi.org/10.1038/s41598-023-45406-7,True,31,backorder_prediction,,,,,,,,,,,,,,,,,,,
098-082-476-528-589,QAmplifyNet: Pushing the Boundaries of SupplyChain Backorder Prediction Using InterpretableHybrid Quantum–Classical Neural Network,Md Abrar Jahin; Md Sakib Hossain Shovon; Md. Saiful Islam; Jungpil Shin; M. F. Mridha; Yuichi Okuyama,2023.0,,preprint,10.21203/rs.3.rs-3184148/v1,http://dx.doi.org/10.21203/rs.3.rs-3184148/v1,True,1,backorder_prediction,,,,,,,,,,,,,,,,,,,
132-983-451-292-839,QAmplifyNet: Pushing the Boundaries of Supply Chain Backorder Prediction Using Interpretable Hybrid Quantum-Classical Neural Network,Md Abrar Jahin; Md Sakib Hossain Shovon; Md. Saiful Islam; Jungpil Shin; M. F. Mridha; Yuichi Okuyama,2023.0,arXiv (Cornell University),preprint,10.48550/arxiv.2307.12906,http://dx.doi.org/10.48550/arxiv.2307.12906,True,0,backorder_prediction,,,,,,,,,,,,,,,,,,,
181-096-715-650-983,Real-Time AI-Based Inventory Optimization for SAP Solutions in Large Enterprises,Maria Gonzalez,2026.0,Journal of Quantum Science and Technology,journal article,10.63345/jqst.v3i1.383,http://dx.doi.org/10.63345/jqst.v3i1.383,True,0,demand_forecasting,,,,,,,,,,,,,,,,,,,
072-201-566-256-754,Data-Driven Solutions for Multi-Nodal Inventory Management Using SAP and AI,null Aishwarya Naidu,2026.0,Journal of Quantum Science and Technology,journal article,10.63345/jqst.v3i1.386,http://dx.doi.org/10.63345/jqst.v3i1.386,True,0,demand_forecasting,,,,,,,,,,,,,,,,,,,
168-934-882-077-757,Optimizing load demand forecasting in educational buildings using quantum-inspired particle swarm optimization (QPSO) with recurrent neural networks (RNNs):a seasonal approach.,Sunawar Khan; Tehseen Mazhar; Tariq Shahzad; Tariq Ali; Muhammad Ayaz; Yazeed Yasin Ghadi; El-Hadi M Aggoune; Habib Hamam,2025.0,Scientific reports,journal article,10.1038/s41598-025-04301-z,http://dx.doi.org/10.1038/s41598-025-04301-z,True,8,demand_forecasting,,,,,,,,,,,,,,,,,,,
192-598-038-130-823,Migrative armadillo optimization enabled a one-dimensional quantum convolutional neural network for supply chain demand forecasting.,Mohamed Irhuma; Ahmad Alzubi; Tolga Öz; Kolawole Iyiola,2025.0,PloS one,journal article,10.1371/journal.pone.0318851,http://dx.doi.org/10.1371/journal.pone.0318851,True,4,demand_forecasting,,,,,,,,,,,,,,,,,,,
162-266-300-736-62X,The Use of Artificial Intelligence in Supply Chain Management: Systematic Literature Review and Future Research Directions,Ana Claudia Andrade Ferreira; Matheus Brendon Francisco; Alexandre Ferreira De Pinho,2025.0,IEEE Access,journal article,10.1109/access.2025.3603866,http://dx.doi.org/10.1109/access.2025.3603866,True,4,demand_forecasting,,,,,,,,,,,,,,,,,,,
092-072-581-202-540,AI AND QUANTUM COMPUTING FOR CARBON-NEUTRAL SUPPLY CHAINS: A SYSTEMATIC REVIEW OF INNOVATIONS,Sanjai Vudugula; Sanath Kumar Chebrolu; Sadia Zaman; Rony Saha,2025.0,American Journal of Interdisciplinary Studies,journal article,10.63125/nrdx7d32,http://dx.doi.org/10.63125/nrdx7d32,True,3,demand_forecasting,,,,,,,,,,,,,,,,,,,
021-952-057-597-267,AI-Powered SAP for Smart Manufacturing: Enhancing Efficiency with Intelligent Automation,Sridhar Selvaraj,2025.0,"International Journal of AI, BigData, Computational and Management Studies",journal article,10.63282/3050-9416.ijaibdcms-v6i1p108,http://dx.doi.org/10.63282/3050-9416.ijaibdcms-v6i1p108,True,2,demand_forecasting,,,,,,,,,,,,,,,,,,,
034-763-446-366-525,AI-Enabled Supply Chain: Theoretical Logic and Practical Pathways of Technological Reconfiguration and Value Creation,Xi Yang,2025.0,Economics & Business Management,journal article,10.63313/ebm.2007,http://dx.doi.org/10.63313/ebm.2007,True,0,demand_forecasting,,,,,,,,,,,,,,,,,,,
115-626-394-198-093,Enhancing the Scalability of Classical Surrogates for Real-World Quantum Machine Learning Applications,Philip Anton Hernicht; Alona Sakhnenko; Corey O'Meara; Giorgio Cortiana; Jeanette Miriam Lorenz,2025.0,ArXiv.org,preprint,10.48550/arxiv.2508.06131,http://dx.doi.org/10.48550/arxiv.2508.06131,True,0,demand_forecasting,,,,,,,,,,,,,,,,,,,
014-178-316-832-919,The role of predictive analytics in enhancing supply chain resilience,null Hema Madhavi Kommula,2025.0,World Journal of Advanced Engineering Technology and Sciences,journal article,10.30574/wjaets.2025.15.1.0392,http://dx.doi.org/10.30574/wjaets.2025.15.1.0392,True,0,demand_forecasting,,,,,,,,,,,,,,,,,,,
031-919-669-656-852,Evaluating the Potential of Quantum Computing for Supply Chain Optimization in SMEs,Mert Sezer,2025.0,Human Computer Interaction,journal article,10.62802/k2rsfq84,http://dx.doi.org/10.62802/k2rsfq84,True,0,demand_forecasting,,,,,,,,,,,,,,,,,,,
053-452-764-069-295,Real-Time Supply Chain Optimization in Retail: AI-Powered Cloud Systems,null Sudhakar Kandhikonda,2025.0,Journal of Information Systems Engineering and Management,journal article,10.52783/jisem.v10i62s.13711,http://dx.doi.org/10.52783/jisem.v10i62s.13711,True,0,demand_forecasting,,,,,,,,,,,,,,,,,,,
091-199-687-821-712,The use of AI in the process of quantitative risk assessment of logistics entities,Andrii Kirovych; Nikita Razinkin,2025.0,Galician economic journal,journal article,10.33108/galicianvisnyk_tntu2025.04.095,http://dx.doi.org/10.33108/galicianvisnyk_tntu2025.04.095,True,0,demand_forecasting,,,,,,,,,,,,,,,,,,,
172-227-891-697-319,Design and Optimization of Multimodal Hybrid Architectures Based on Quantum Computing,Siqi Liu,2025.0,Frontiers in Computing and Intelligent Systems,journal article,10.54097/66zr7m87,http://dx.doi.org/10.54097/66zr7m87,True,0,demand_forecasting,,,,,,,,,,,,,,,,,,,
181-639-773-475-27X,AI in Logistics: Smarter Inventory and Shipment Optimization,null Samuel Tatipamula,2025.0,"International Journal of Scientific Research in Computer Science, Engineering and Information Technology",journal article,10.32628/cseit25112813,http://dx.doi.org/10.32628/cseit25112813,True,0,demand_forecasting,,,,,,,,,,,,,,,,,,,
001-353-662-885-531,Innovative Demand Forecasting: Comparing Advanced Predictive Models To Drive Efficiency In Supply Chain Operations,Saurabh Mittal; Dr T. Aswini,2025.0,Journal of Quantum Science and Technology,journal article,10.63345/jqst.v2i2.265,http://dx.doi.org/10.63345/jqst.v2i2.265,False,0,demand_forecasting,,,,,,,,,,,,,,,,,,,
059-156-841-599-68X,LEVERAGING AGILE SUPPLY CHAINS FOR IMPROVED FINANCIAL PERFORMANCE IN HEALTHCARE SECTOR COMPANIES IN MALAYSIA,LEE CHAN WONG; WAI WAH WONG,2025.0,Quantum Journal of Social Sciences and Humanities,journal article,10.55197/qjssh.v6i4.746,http://dx.doi.org/10.55197/qjssh.v6i4.746,True,0,demand_forecasting,,,,,,,,,,,,,,,,,,,
144-534-929-916-738,AI Agents with MCV Architecture in Supply Chain Management: Toward Autonomous and Collaborative Networks,null Venkata Reddy Keesara,2025.0,Journal of Information Systems Engineering and Management,journal article,10.52783/jisem.v10i63s.13865,http://dx.doi.org/10.52783/jisem.v10i63s.13865,True,0,demand_forecasting,,,,,,,,,,,,,,,,,,,
183-591-983-260-78X,Sustainable Supply Chain Networks: Integrating Green Transportation and Logistics Solutions,Nitin Agarwal; Prof. (Dr) Punit Goel,2025.0,Journal of Quantum Science and Technology,journal article,10.63345/jqst.v2i1.189,http://dx.doi.org/10.63345/jqst.v2i1.189,False,0,demand_forecasting,,,,,,,,,,,,,,,,,,,
195-394-934-000-028,Exploring Quantum Neural Networks for Demand Forecasting,Gleydson Fernandes de Jesus; Maria Heloísa Fraga da Silva; Otto Menegasso Pires; Lucas Cruz da Silva; Clebson dos Santos Cruz; Valéria Loureiro da Silva,2024.0,arXiv (Cornell University),preprint,10.48550/arxiv.2410.16331,http://dx.doi.org/10.48550/arxiv.2410.16331,True,1,demand_forecasting,,,,,,,,,,,,,,,,,,,
031-700-707-995-841,Examining how ERP-Enabled Supply Chain Integration Works within the Quadrants of the Four-Wheeler Industry,S.V. Pradeepa; Harshal Salunkhe; Mohit Boralkar; Richa Modiyani,2024.0,2024 International Conference on Trends in Quantum Computing and Emerging Business Technologies,conference proceedings article,10.1109/tqcebt59414.2024.10545245,http://dx.doi.org/10.1109/tqcebt59414.2024.10545245,False,0,demand_forecasting,,,,,,,,,,,,,,,,,,,
045-299-519-686-603,Predictive Analytics in Retail: Strategies for Inventory Management and Demand Forecasting,Satish Krishnamurthy; Sivaprasad Nadukuru; Saurabh Ashwini kumar Dave; Om Goel; Prof.(Dr.) Arpit Jain; Dr. Lalit Kumar,2024.0,Journal of Quantum Science and Technology,journal article,10.63345/jqst.v1i2.9,http://dx.doi.org/10.63345/jqst.v1i2.9,False,0,demand_forecasting,,,,,,,,,,,,,,,,,,,
099-998-152-596-418,Cloud-Based Business Intelligence in Retail Supply Chain Management,Dr. Rajneesh Kumar Singh,2024.0,Journal of Quantum Science and Technology,journal article,10.63345/jqst.v1i2.208,http://dx.doi.org/10.63345/jqst.v1i2.208,False,0,demand_forecasting,,,,,,,,,,,,,,,,,,,
169-241-468-794-333,Leveraging SAP HANA's In-memory Computing Capabilities for Real-time Supply Chain Optimization,Vaidheyar Raman Balasubramanian; Dr. Saurabh Solanki; Nagender Yadav,2024.0,Journal of Quantum Science and Technology,journal article,10.63345/jqst.v1i4.134,http://dx.doi.org/10.63345/jqst.v1i4.134,False,0,demand_forecasting,,,,,,,,,,,,,,,,,,,
146-950-827-443-779,Quantum Computing for Supply Chain and Logistics Optimization The Evolution of Computing Technology,Chandra Jaiswal,2023.0,"International Journal of Scientific Research in Computer Science, Engineering and Information Technology",journal article,10.32628/cseit239076,http://dx.doi.org/10.32628/cseit239076,True,0,demand_forecasting,,,,,,,,,,,,,,,,,,,
194-955-474-641-035,"Big Data-Driven Insights in Modern Supply Chain Analytics: Opportunities, Challenges, and Future Directions",VenkateshPrabu Parthasarathy,2022.0,"International Journal of AI, BigData, Computational and Management Studies",journal article,10.63282/3050-9416.ijaibdcms-v3i3p105,http://dx.doi.org/10.63282/3050-9416.ijaibdcms-v3i3p105,True,0,demand_forecasting,,,,,,,,,,,,,,,,,,,
162-949-981-799-679,Prediction Modelling of Cold Chain Logistics Demand Based on Data Mining Algorithm,Bo He; Lvjiang Yin,2021.0,Mathematical Problems in Engineering,journal article,10.1155/2021/3421478,http://dx.doi.org/10.1155/2021/3421478,True,44,demand_forecasting,,,,,,,,,,,,,,,,,,,
008-860-820-452-557,"A Poisson-Regression, Support Vector Machine and Grey Prediction Based Combined Forecasting Model Proposal: A Case Study in Distribution Business",Fatih Yiğit; Şakir Esnaf; Bahar Yalçin,2021.0,Turkish Journal of Forecasting,journal article,10.34110/forecasting.957494,http://dx.doi.org/10.34110/forecasting.957494,True,0,demand_forecasting,,,,,,,,,,,,,,,,,,,
042-530-597-492-02X,Extended distribution‐free newsvendor models with demand updates using experts’ judgment,Madhukar Nagare; Pankaj Dutta; Naoufel Cheikhrouhou,2019.0,International Transactions in Operational Research,journal article,10.1111/itor.12700,http://dx.doi.org/10.1111/itor.12700,True,7,demand_forecasting,,,,,,,,,,,,,,,,,,,
039-576-339-948-843,Information Reliability in Supply Chains: the Case of Multiple Retailers,Eirini Spiliotopoulou; Karen Donohue; Mustafa Çagri Gürbüz,2016.0,Production and Operations Management,journal article,10.1111/poms.12418,http://dx.doi.org/10.1111/poms.12418,True,66,demand_forecasting,,,,,,,,,,,,,,,,,,,
105-434-071-837-656,"Trust, Trustworthiness, and Information Sharing in Supply Chains Bridging China and the United States",Özalp Özer; Yanchong Zheng; Yufei Ren,2014.0,Management Science,journal article,10.1287/mnsc.2014.1905,http://dx.doi.org/10.1287/mnsc.2014.1905,True,234,demand_forecasting,,,,,,,,,,,,,,,,,,,
008-285-107-802-381,A collaborative demand forecasting process with event-based fuzzy judgements,Naoufel Cheikhrouhou; François Marmier; Omar Ayadi; Philippe Wieser,2011.0,Computers & Industrial Engineering,journal article,10.1016/j.cie.2011.07.002,http://dx.doi.org/10.1016/j.cie.2011.07.002,True,27,demand_forecasting,,,,,,,,,,,,,,,,,,,
169-646-198-498-184,Dynamic pricing modeling and inventory management in omnichannel retail using Quantum Decision Theory and reinforcement learning.,Shima Roosta; Seyed Jafar Sadjadi; Ahmad Makui,2025.0,PloS one,journal article,10.1371/journal.pone.0333068,http://dx.doi.org/10.1371/journal.pone.0333068,True,1,inventory_control,,,,,,,,,,,,,,,,,,,
121-654-672-768-021,Sustainable Warehouse Management Systems: Integrating Environmental and Social Responsibility in Supply Chain Operations,null Parthiban Mohanasundaram,2025.0,"International Journal of Scientific Research in Computer Science, Engineering and Information Technology",journal article,10.32628/cseit25112440,http://dx.doi.org/10.32628/cseit25112440,True,1,inventory_control,,,,,,,,,,,,,,,,,,,
019-315-552-977-714,Quantum deep neural networks modeling for inventory management,Sarit Maitra,2025.0,Journal of Modelling in Management,journal article,10.1108/jm2-11-2024-0371,http://dx.doi.org/10.1108/jm2-11-2024-0371,False,0,inventory_control,,,,,,,,,,,,,,,,,,,
168-448-533-371-049,"The Transformative Impact of AI on Supply Chain, Operations Planning, Logistics, and Retail: Technical Implementations and Outcomes",Dattatreya Raychowdhuri -,2025.0,International Journal on Science and Technology,journal article,10.71097/ijsat.v16.i1.3048,http://dx.doi.org/10.71097/ijsat.v16.i1.3048,True,0,inventory_control,,,,,,,,,,,,,,,,,,,
082-239-670-324-119,Predictive Modeling Techniques for Multi-Node Inventory in Retail Chains,null Siddharth,2025.0,Journal of Quantum Science and Technology,journal article,10.63345/jqst.v2i4.351,http://dx.doi.org/10.63345/jqst.v2i4.351,True,0,inventory_control,,,,,,,,,,,,,,,,,,,
028-304-623-016-500,Real-Time Data Processing for Inventory Optimization in Distributed Cloud Systems,Prof. (Dr) Sangeet Vashishtha,2025.0,Journal of Quantum Science and Technology,journal article,10.63345/jqst.v2i4.357,http://dx.doi.org/10.63345/jqst.v2i4.357,True,0,inventory_control,,,,,,,,,,,,,,,,,,,
032-148-962-995-275,Data Engineering for Sustainable AI and Predictive Analytics in Retail Inventory,Manish Kumar,2025.0,Journal of Quantum Science and Technology,journal article,10.63345/jqst.v2i3.367,http://dx.doi.org/10.63345/jqst.v2i3.367,True,0,inventory_control,,,,,,,,,,,,,,,,,,,
105-689-147-462-77X,Automation in Grocery Fulfillment Centers: Transforming Efficiency and Customer Experience,Naresh Pala Naresh Pala,2025.0,International Journal of Advances in Engineering and Management,journal article,10.35629/5252-0704111131,http://dx.doi.org/10.35629/5252-0704111131,True,0,inventory_control,,,,,,,,,,,,,,,,,,,
153-970-434-757-840,Optimization and inventory management under stochastic demand using metaheuristic algorithm.,Nguyen Duy Tan; Hwan-Seong Kim; Le Ngoc Bao Long; Duy Anh Nguyen; Sam-Sang You,2024.0,PloS one,journal article,10.1371/journal.pone.0286433,http://dx.doi.org/10.1371/journal.pone.0286433,True,9,inventory_control,,,,,,,,,,,,,,,,,,,
158-693-918-617-587,Implementation of Next-Gen IoT to Facilitate Strategic Inventory Management System and Achieve Logistics Excellence,Varun Choudhary; Kaushal Patel; Moazam Niaz; Mrunal Panwala; Anirudh Mehta; Kartikeya Choudhary,2024.0,2024 International Conference on Trends in Quantum Computing and Emerging Business Technologies,conference proceedings article,10.1109/tqcebt59414.2024.10545238,http://dx.doi.org/10.1109/tqcebt59414.2024.10545238,False,4,inventory_control,,,,,,,,,,,,,,,,,,,
137-702-839-933-135,Deep Learning Based Multi Constraint Hybrid Optimization Algorithm for Transshipment-Based Inventory Routing with Dynamic Demands,Sreeparnesh Sharma Sivadevuni; Naveen J,2024.0,International Journal of Networked and Distributed Computing,journal article,10.1007/s44227-024-00048-7,http://dx.doi.org/10.1007/s44227-024-00048-7,True,2,inventory_control,,,,,,,,,,,,,,,,,,,
029-829-617-275-053,Quantum Enhanced Simulation Based Optimization for Newsvendor Problems,Monit Sharma; Hoong Chuin Lau; Rudy Raymond,2024.0,2024 IEEE International Conference on Quantum Computing and Engineering (QCE),conference proceedings article,10.1109/qce60285.2024.00060,http://dx.doi.org/10.1109/qce60285.2024.00060,False,2,inventory_control,,,,,,,,,,,,,,,,,,,
019-413-901-252-551,Quantum Computing in Supply Chain,Mohith S,2024.0,International Journal of Research Publication and Reviews,journal article,10.55248/gengpi.5.0624.1515,http://dx.doi.org/10.55248/gengpi.5.0624.1515,True,0,inventory_control,,,,,,,,,,,,,,,,,,,
158-895-951-152-65X,Artificial Intelligence and its Applications in the Field of Internet of Things (Iot),Anil Kumar Jakkani,2024.0,International Journal of Research In Science & Engineering,journal article,10.55529/ijrise.45.49.61,http://dx.doi.org/10.55529/ijrise.45.49.61,True,0,inventory_control,,,,,,,,,,,,,,,,,,,
119-757-860-003-181,"AI, Data Science, and Quantum Neural Networks in E‑Commerce: Methods, Applications, Risks, and a Research Roadmap",Sophia Martinez,2022.0,Frontier Robotics and Artificial Intelligence Journal,journal article,10.64206/pp5nd013,http://dx.doi.org/10.64206/pp5nd013,True,0,inventory_control,,,,,,,,,,,,,,,,,,,
041-326-596-874-179,Quantum Computing Methods for Supply Chain Management,Hansheng Jiang; Zuo-Jun Max Shen; Junyu Liu,2022.0,arXiv (Cornell University),preprint,10.48550/arxiv.2209.08246,http://dx.doi.org/10.48550/arxiv.2209.08246,True,0,inventory_control,,,,,,,,,,,,,,,,,,,
172-090-567-042-236,Inventory Management Issues in Indian Steel Industry: A Qualitative Study,Meenakahi kumari Meenakshi,2020.0,INTERNATIONAL JOURNAL OF MANAGEMENT & INFORMATION TECHNOLOGY,journal article,10.24297/ijmit.v15i.8666,http://dx.doi.org/10.24297/ijmit.v15i.8666,True,0,inventory_control,,,,,,,,,,,,,,,,,,,
157-722-390-175-752,"Revolutionizing Route Optimization Systems with Artificial Intelligence for a Smarter, Sustainable Logistics Ecosystem",Khursheed Mohammed Hussain,2025.0,International Journal of Computer Science and Mobile Computing,journal article,10.47760/ijcsmc.2025.v14i02.008,http://dx.doi.org/10.47760/ijcsmc.2025.v14i02.008,True,5,routing_transportation,,,,,,,,,,,,,,,,,,,
151-326-650-766-071,Quantum computing applications and artificial intelligence strategies for optimising resources in the cargo industry,Hemachandran K; Raul Villamarin Rodriguez,2025.0,"Journal of AI, Robotics & Workplace Automation",journal article,10.69554/ecle9603,http://dx.doi.org/10.69554/ecle9603,False,0,routing_transportation,,,,,,,,,,,,,,,,,,,
180-567-516-417-275,Quantum Computing Applications in Supply Chain Information and Optimization: Future Scenarios and Opportunities,Mohammad Shamsuddoha; Mohammad Abul Kashem; Tasnuba Nasir; Ahamed Ismail Hossain; Md Foysal Ahmed,2025.0,Information,journal article,10.3390/info16080693,http://dx.doi.org/10.3390/info16080693,True,0,routing_transportation,,,,,,,,,,,,,,,,,,,
137-714-195-020-661,"Integration with Advanced Technologies in Logistics: AI, IOT, and Optimization in Modern Supply Chains",Vaishnavi Kurumnale; Priyanka Karjule,2025.0,International Scientific Journal of Engineering and Management,journal article,10.55041/isjem05087,http://dx.doi.org/10.55041/isjem05087,False,0,routing_transportation,,,,,,,,,,,,,,,,,,,
084-653-385-540-118,Implementing Custom Carrier Selection Strategies in SAP TM & Enhancing the rate calculation for external carriers,Prince Tyagi; Kratika Jain,2024.0,Journal of Quantum Science and Technology,journal article,10.63345/jqst.v1i4.145,http://dx.doi.org/10.63345/jqst.v1i4.145,False,0,routing_transportation,,,,,,,,,,,,,,,,,,,
043-551-357-428-677,A New Approach to the Bi-objective Green Vehicle Routing Problem: Optimization in Newspaper Distribution,Júlio César Ferreira; Maria Teresinha Arns Steiner,2022.0,Exacta,journal article,10.5585/exactaep.2021.18447,http://dx.doi.org/10.5585/exactaep.2021.18447,True,1,routing_transportation,,,,,,,,,,,,,,,,,,,
015-321-377-602-282,Quantum Neural Networks for a Supply Chain Logistics Application,Randall Correll; Sean J. Weinberg; Fabio Sanches; Takanori Ide; Takafumi Suzuki,2022.0,arXiv (Cornell University),preprint,10.48550/arxiv.2212.00576,http://dx.doi.org/10.48550/arxiv.2212.00576,True,0,routing_transportation,,,,,,,,,,,,,,,,,,,
010-702-868-284-351,A Bi-Objective Green Vehicle Routing Problem: A New Hybrid Optimization Algorithm Applied to a Newspaper Distribution,Júlio César Ferreira; Maria Teresinha Arns Steiner,2021.0,Journal of Geographic Information System,journal article,10.4236/jgis.2021.134023,http://dx.doi.org/10.4236/jgis.2021.134023,True,4,routing_transportation,,,,,,,,,,,,,,,,,,,
070-595-526-611-426,A Literature Survey on Market-Based Measures for the Decarbonization of Shipping,Sotiria Lagouvardou; Harilaos N. Psaraftis; Thalis Zis,2020.0,Sustainability,journal article,10.3390/su12103953,http://dx.doi.org/10.3390/su12103953,True,98,routing_transportation,,,,,,,,,,,,,,,,,,,
004-396-274-901-535,A Hyperheuristic Approach for Location-Routing Problem of Cold Chain Logistics considering Fuel Consumption.,Zheng Wang; Longlong Leng; Shun Wang; Gongfa Li; Yanwei Zhao,2020.0,Computational intelligence and neuroscience,journal article,10.1155/2020/8395754,http://dx.doi.org/10.1155/2020/8395754,True,28,routing_transportation,,,,,,,,,,,,,,,,,,,
067-797-371-624-392,DEVELOPMENT OF THE LOGISTICS 4.0 CONCEPT IN THE DIGITAL ECONOMY,N. V. Trushkina; H. Dzwigol; O. R. Serhieieva; Yu. Shkrygun,2020.0,Economic Herald of the Donbas,journal article,10.12958/1817-3772-2020-4(62)-85-96,http://dx.doi.org/10.12958/1817-3772-2020-4(62)-85-96,True,5,routing_transportation,,,,,,,,,,,,,,,,,,,
033-668-526-122-967,Resource-Expandable Railway Freight Transportation Routing Optimization,Ru Wang; Zhenji Zhang; Lingling Wang; Hankun Zhang,2019.0,IEEE Access,journal article,10.1109/access.2019.2951395,http://dx.doi.org/10.1109/access.2019.2951395,True,9,routing_transportation,,,,,,,,,,,,,,,,,,,
052-098-875-696-456,Green Vehicle Routing Optimization Based on Carbon Emission and Multiobjective Hybrid Quantum Immune Algorithm,Xiao-Hong Liu; Mi-Yuan Shan; Ren-Long Zhang; Lihong Zhang,2018.0,Mathematical Problems in Engineering,journal article,10.1155/2018/8961505,http://dx.doi.org/10.1155/2018/8961505,True,24,routing_transportation,,,,,,,,,,,,,,,,,,,
014-949-029-462-225,STATE OF THE ART IN SIMULATION-BASED OPTIMIZATION APPROACHES FOR VEHICLE ROUTING PROBLEMS ALONG MANUFACTURING SUPPLY CHAINS,D.E. Mazzuco; Djonathan Luiz de Oliveira; Enzo Morosini Frazzon,2018.0,DEStech Transactions on Engineering and Technology Research,journal article,10.12783/dtetr/icpr2017/17673,http://dx.doi.org/10.12783/dtetr/icpr2017/17673,True,3,routing_transportation,,,,,,,,,,,,,,,,,,,
033-385-621-933-899,"Cold chain configuration design: location-allocation decision-making using coordination, value deterioration, and big data approximation",Adarsh Kumar Singh; Nachiappan Subramanian; Kulwant S. Pawar; Ruibin Bai,2016.0,Annals of Operations Research,journal article,10.1007/s10479-016-2332-z,http://dx.doi.org/10.1007/s10479-016-2332-z,True,60,routing_transportation,,,,,,,,,,,,,,,,,,,
016-422-271-936-064,CHALLENGES OF INFORMATION TECHNOLOGY AND SUPPLY CHAIN MANAGEMENT IN LOGISTIC SECTOR: WITH AN OVERVIEW OF QUEHENBERGER LOGISTICS IN MACEDONIA,Riste Temjanovski,2014.0,Proceedings of the 1st International Scientific Conference - Sinteza 2014,conference proceedings article,10.15308/sinteza-2014-8-16,http://dx.doi.org/10.15308/sinteza-2014-8-16,True,3,routing_transportation,,,,,,,,,,,,,,,,,,,
032-539-400-879-721,Geography of Production Linkages in the Irish and Scottish Microcomputer Industry: The Role of Logistics,Chris Van Egeraat; David Jacobson,2005.0,Economic Geography,journal article,10.1111/j.1944-8287.2005.tb00271.x,http://dx.doi.org/10.1111/j.1944-8287.2005.tb00271.x,True,36,routing_transportation,,,,,,,,,,,,,,,,,,,
052-158-947-761-926,Quantum-AI Optimization of National Supply Resilience,null Saideepak Kandibanda,2026.0,Zenodo (CERN European Organization for Nuclear Research),journal article,10.5281/zenodo.18627718,http://dx.doi.org/10.5281/zenodo.18627718,True,0,scheduling_production,,,,,,,,,,,,,,,,,,,
198-573-170-890-886,Generative AI in Digital Manufacturing: A Paradigm Shift in Operational Excellence,Kumar Rajiv Nayan -,2025.0,International Journal on Science and Technology,journal article,10.71097/ijsat.v16.i2.3466,http://dx.doi.org/10.71097/ijsat.v16.i2.3466,True,0,scheduling_production,,,,,,,,,,,,,,,,,,,
172-466-585-576-437,Hybrid Heuristic Algorithms for Adiabatic Quantum Machine Learning Models,Bahram Alidaee; Haibo Wang; Lutfu Sua; Wade Liu,2024.0,arXiv (Cornell University),preprint,10.48550/arxiv.2407.21062,http://dx.doi.org/10.48550/arxiv.2407.21062,True,0,scheduling_production,,,,,,,,,,,,,,,,,,,
025-942-041-625-709,Soft Computing in Optimizing Assembly Lines Balancing,Muhammad Zaini Matondang; Muhammad Ikhwan Jambak,2010.0,Journal of Computer Science,journal article,10.3844/jcssp.2010.141.162,http://dx.doi.org/10.3844/jcssp.2010.141.162,True,23,scheduling_production,,,,,,,,,,,,,,,,,,,
146-951-126-154-880,QUANTUM AI-DRIVEN BUSINESS INTELLIGENCE FOR CARBON-NEUTRAL SUPPLY CHAINS: REAL-TIME PREDICTIVE ANALYTICS AND AUTONOMOUS DECISION-MAKING IN COMPLEX ENTERPRISES,Sanjai Vudugula; Sanath Kumar Chebrolu,2025.0,American Journal of Advanced Technology and Engineering Solutions,journal article,10.63125/s2jn3889,http://dx.doi.org/10.63125/s2jn3889,True,2,supplier_procurement,,,,,,,,,,,,,,,,,,,
025-042-943-820-024,Quantum-Enhanced Predictive Analytics for SAP Materials Management: Revolutionizing Supply Chain Resilience,Sumanth Pillella,2025.0,,preprint,10.36227/techrxiv.175303595.59520605/v1,http://dx.doi.org/10.36227/techrxiv.175303595.59520605/v1,True,0,supplier_procurement,,,,,,,,,,,,,,,,,,,
094-959-845-339-373,From Public E-Procurement 3.0 to E-Procurement 4.0; A Critical Literature Review,Aristotelis Mavidis; Dimitris Folinas,2022.0,Sustainability,journal article,10.3390/su141811252,http://dx.doi.org/10.3390/su141811252,True,26,supplier_procurement,,,,,,,,,,,,,,,,,,,
096-240-937-068-094,Current Trend of Industry 4.0 in Logistics and Transformation of Logistics Processes Using Digital Technologies: An Empirical Study in the Slovak Republic,Patrik Richnák,2022.0,Logistics,journal article,10.3390/logistics6040079,http://dx.doi.org/10.3390/logistics6040079,True,18,supplier_procurement,,,,,,,,,,,,,,,,,,,
095-340-906-541-389,Machine Learning for Supply Chain’s Big Data: State of the art and application to Social Networks’ data,Radouane El-Khchine; Amine Amar; Zine el abidine Guennoun; Charaf Bensouda; Youness Laaroussi,2018.0,MATEC Web of Conferences,journal article,10.1051/matecconf/201820000015,http://dx.doi.org/10.1051/matecconf/201820000015,True,4,supplier_procurement,,,,,,,,,,,,,,,,,,,
073-685-191-137-483,Private Sector Participation in Light Rail/Light Metro Transit Initiatives - Private Sector Participation in Light Rail-Light Metro Transit Initiatives,Cledan Mandri-Perrott; Iain Menzies,2010.0,,journal article,10.1596/978-0-8213-8085-7,http://dx.doi.org/10.1596/978-0-8213-8085-7,True,27,supplier_procurement,,,,,,,,,,,,,,,,,,,
161-147-513-650-397,Vision-Language Model-Driven Predictive Platform Employing Swarm Robotics and Post-Quantum Signatures for Autonomous Green Vessel Navigation and Supply Chain Resilience,Selvaprasanth P,2026.0,,preprint,10.20944/preprints202601.1117.v1,http://dx.doi.org/10.20944/preprints202601.1117.v1,True,0,risk_resilience,,,,,,,,,,,,,,,,,,,
049-853-309-329-502,"Advancements in Semiconductor Assembly, Testing, and Packaging: A Global and Regional Perspective",Vy Thi Thanh Huong; Huu Q. Tran,2025.0,International Journal of Electronics and Communication Engineering,journal article,10.14445/23488549/ijece-v12i7p131,http://dx.doi.org/10.14445/23488549/ijece-v12i7p131,True,0,risk_resilience,,,,,,,,,,,,,,,,,,,
133-317-830-840-702,"Artificial Intelligence-Based Distribution Status of Sustainable Fashion Systems by Country : Comparative Case Studies of Stella McCartney, Patagonia, RE;CODE, and MUJI",Yoon Kyung Lee,2025.0,Journal of the Korean Society of Costume,journal article,10.7233/jksc.2025.75.6.024,http://dx.doi.org/10.7233/jksc.2025.75.6.024,False,0,risk_resilience,,,,,,,,,,,,,,,,,,,
020-822-942-009-200,Software Supply Chain Vulnerabilities Detection in Source Code: Performance Comparison between Traditional and Quantum Machine Learning Algorithms,Mst Shapna Akter; Md Jobair Hossain Faruk; Nafisa Anjum; Mohammad Masum; Hossain Shahriar; Nazmus Sakib; Akond Rahman; Fan Wu; Alfredo Cuzzocrea,2022.0,2022 IEEE International Conference on Big Data (Big Data),conference proceedings article,10.1109/bigdata55660.2022.10020813,http://dx.doi.org/10.1109/bigdata55660.2022.10020813,True,13,risk_resilience,,,,,,,,,,,,,,,,,,,
117-649-017-669-86X,A scenario-based sustainable dual-channel closed-loop supply chain design with pickup and delivery considering social conditions in a natural disaster under uncertainty: a real-life case study.,Mahsa Taherifar; Negin Hasani; Mahsa Zokaee; Amir Aghsami; Fariborz Jolai,2023.0,"Environment, development and sustainability",journal article,10.1007/s10668-023-03421-8,http://dx.doi.org/10.1007/s10668-023-03421-8,True,13,sustainability_sc,,,,,,,,,,,,,,,,,,,
126-699-658-578-759,Greening Construction Transport as a Sustainability Enabler for New Zealand: A Research Framework,Kamal Dhawan; John E. Tookey; Ali GhaffarianHoseini; Amirhosein GhaffarianHoseini,2022.0,Frontiers in Built Environment,journal article,10.3389/fbuil.2022.871958,http://dx.doi.org/10.3389/fbuil.2022.871958,True,17,sustainability_sc,,,,,,,,,,,,,,,,,,,
017-823-392-445-433,Green Supply Chain Driven by Digital Intelligence: The Case of Schneider,Xinyi Shi; Boyu Wu; Yixuan Zhu,2022.0,BCP Business & Management,journal article,10.54691/bcpbm.v34i.3169,http://dx.doi.org/10.54691/bcpbm.v34i.3169,True,0,sustainability_sc,,,,,,,,,,,,,,,,,,,
012-158-763-362-057,SUSTAINABLE DEVELOPMENT AND MANAGEMENT IN CONSUMER ELECTRONICS USING SOFT COMPUTATION,Haoxiang Wang,2019.0,Journal of Soft Computing Paradigm,journal article,10.36548/jscp.2019.1.006,http://dx.doi.org/10.36548/jscp.2019.1.006,True,25,sustainability_sc,,,,,,,,,,,,,,,,,,,
120-030-272-433-765,Artificial Intelligence and Internet of Things Integration in Pharmaceutical Manufacturing: A Smart Synergy.,Reshma Kodumuru; Soumavo Sarkar; Varun Parepally; Jignesh Chandarana,2025.0,Pharmaceutics,journal article,10.3390/pharmaceutics17030290,http://dx.doi.org/10.3390/pharmaceutics17030290,True,29,predictive_maintenance,,,,,,,,,,,,,,,,,,,
010-794-992-516-843,Beyond Self-Driving: AI-Powered Innovations Shaping the Future of Automobiles,Rashmi Rashmi; Shivam Gogia; Vivek Patel,2025.0,International Journal For Multidisciplinary Research,journal article,10.36948/ijfmr.2025.v07i03.48404,http://dx.doi.org/10.36948/ijfmr.2025.v07i03.48404,True,0,predictive_maintenance,,,,,,,,,,,,,,,,,,,
076-802-979-399-920,Quantum Computing–Enhanced Service Ecosystems for Industrial Manufacturing Simulation and Workflow Optimization,Erim Engin,2025.0,Next Generation Journal for The Young Researchers,journal article,10.62802/qz0bbp72,http://dx.doi.org/10.62802/qz0bbp72,True,0,predictive_maintenance,,,,,,,,,,,,,,,,,,,
198-096-325-678-590,Transforming AI and Quantum Computing to Streamline Business Supply Chains in Aerospace and Education,Ahmed Inan Mosaddeque; Zenith Matin Guria; Niaz Morshed; Mohammad Abu Sufian; Asif Ahamed; S M Tamim Hossain Rimon,2024.0,2024 International Conference on TVET Excellence & Development (ICTeD),conference proceedings article,10.1109/icted62334.2024.10844659,http://dx.doi.org/10.1109/icted62334.2024.10844659,False,8,predictive_maintenance,,,,,,,,,,,,,,,,,,,
188-320-000-524-156,Quantum Kernel Functions for the Prognosis and Health Management of Ball-Bearing Elements,Gabriel San Martín Silva; Enrique López Droguett,2024.0,2024 IEEE International Conference on Prognostics and Health Management (ICPHM),conference proceedings article,10.1109/icphm61352.2024.10626686,http://dx.doi.org/10.1109/icphm61352.2024.10626686,False,0,predictive_maintenance,,,,,,,,,,,,,,,,,,,
034-479-395-510-284,A New Perspective on Digital Twin-Based Mechanical Design in Industrial Engineering,Xuewen Liu,2023.0,Innovations in Applied Engineering and Technology,journal article,10.58195/iaet.v2i1.134,http://dx.doi.org/10.58195/iaet.v2i1.134,True,3,predictive_maintenance,,,,,,,,,,,,,,,,,,,
073-445-053-390-20X,Examining the impact of deep learning technology capability on manufacturing firms: moderating roles of technology turbulence and top management support.,Sheshadri Chatterjee; Ranjan Chaudhuri; Demetris Vrontis; Thanos Papadopoulos,2022.0,Annals of operations research,journal article,10.1007/s10479-021-04505-2,http://dx.doi.org/10.1007/s10479-021-04505-2,True,22,predictive_maintenance,,,,,,,,,,,,,,,,,,,
183-195-717-171-747,Newbits - Market Research Analysis,Ivan Zaldivar,2017.0,Zenodo (CERN European Organization for Nuclear Research),journal article,10.5281/zenodo.1243130,http://dx.doi.org/10.5281/zenodo.1243130,True,0,predictive_maintenance,,,,,,,,,,,,,,,,,,,
023-001-700-365-158,Quantum Computing Applications Across Industrial Sectors,null Venkata Siva Prasad Maddala,2026.0,Zenodo (CERN European Organization for Nuclear Research),journal article,10.5281/zenodo.18479517,http://dx.doi.org/10.5281/zenodo.18479517,True,0,supply_chain_general,,,,,,,,,,,,,,,,,,,
027-478-725-140-266,Exploring Quantum Machine Learning in Solving Complex Optimization Problems: Algorithms and Insights,Uzma Nawaz; Zubair Saeed; Kamran Atif,2026.0,Scientific Journal of Computer Science,journal article,10.64539/sjcs.v2i1.2026.396,http://dx.doi.org/10.64539/sjcs.v2i1.2026.396,True,0,supply_chain_general,,,,,,,,,,,,,,,,,,,
119-517-626-743-082,Leveraging quantum computing business applications: a B-SLR approach and future research directions,Gaurav Sarin; Yogendra Sai Reddy; Manya Sarin,2026.0,EPJ Quantum Technology,journal article,10.1140/epjqt/s40507-026-00475-1,http://dx.doi.org/10.1140/epjqt/s40507-026-00475-1,True,0,supply_chain_general,,,,,,,,,,,,,,,,,,,
035-795-501-803-402,A Hybrid Optimization Algorithm for Enhancing Transportation and Logistics Scheduling in IoT-Enabled Supply Chains.,Alaa Abdalqahar Jihad; Ahmed Subhi Abdalkafor; Esam Taha Yassen; Omar A Aldhaibani,2026.0,"Sensors (Basel, Switzerland)",journal article,10.3390/s26030932,http://dx.doi.org/10.3390/s26030932,True,0,supply_chain_general,,,,,,,,,,,,,,,,,,,
088-723-739-341-666,Hybrid Quantum–Classical Learning Approaches for Scalable Optimization Beyond NISQ Limitations,"null Chatta Balaji, Dr. C. Nagesh, V. K. Pavani, Dr. V. Sujay",2026.0,International Journal of Advanced Research in Science Communication and Technology,journal article,10.48175/ijarsct-31116,http://dx.doi.org/10.48175/ijarsct-31116,True,0,supply_chain_general,,,,,,,,,,,,,,,,,,,
160-428-096-033-164,Quantum machine learning: A comprehensive review of integrating AI with quantum computing for computational advancements.,Raghavendra M Devadas; Sowmya T,2025.0,MethodsX,journal article,10.1016/j.mex.2025.103318,http://dx.doi.org/10.1016/j.mex.2025.103318,True,18,supply_chain_general,,,,,,,,,,,,,,,,,,,
072-076-448-343-830,AI-Powered Innovations in Food Safety from Farm to Fork.,Binfeng Yin; Gang Tan; Rashid Muhammad; Jun Liu; Junjie Bi,2025.0,"Foods (Basel, Switzerland)",journal article,10.3390/foods14111973,http://dx.doi.org/10.3390/foods14111973,True,12,supply_chain_general,,,,,,,,,,,,,,,,,,,
078-877-889-720-548,A multimodal deep reinforcement learning approach for IoT-driven adaptive scheduling and robustness optimization in global logistics networks.,Yao Lu,2025.0,Scientific reports,journal article,10.1038/s41598-025-10512-1,http://dx.doi.org/10.1038/s41598-025-10512-1,True,6,supply_chain_general,,,,,,,,,,,,,,,,,,,
117-987-667-475-903,Supply Chain Malware Detection via Classical and Quantum Kernel Methods in Embedded Systems,Sthefanie J. G. Passo; Vishal H. Kothavade; John J. Prevost,2025.0,2025 55th Annual IEEE/IFIP International Conference on Dependable Systems and Networks Workshops (DSN-W),conference proceedings article,10.1109/dsn-w65791.2025.00063,http://dx.doi.org/10.1109/dsn-w65791.2025.00063,False,3,supply_chain_general,,,,,,,,,,,,,,,,,,,
154-967-901-894-14X,Leveraging Artificial Intelligence for Hyper-Personalized Marketing: Opportunities and Challenges in the Digital Era,Abdullah Al Prince; Hassan Arif Siddiqui; Muhammad Bux Lakho; Sajjad Ahmad; Aitizaz Asghar,2025.0,Inverge Journal of Social Sciences,journal article,10.63544/ijss.v4i3.166,http://dx.doi.org/10.63544/ijss.v4i3.166,True,2,supply_chain_general,,,,,,,,,,,,,,,,,,,
093-699-537-262-525,Advancing AI: A Comprehensive Study of Novel Machine Learning Architectures,Ridwan Boya Marqas; null Saman M. Almufty; null Renas R. Asaad; Dr. Tamara Saad mohamed,2025.0,International Journal of Scientific World,journal article,10.14419/kwb24564,http://dx.doi.org/10.14419/kwb24564,True,1,supply_chain_general,,,,,,,,,,,,,,,,,,,
153-735-626-862-143,Smarter Marketing with AI: How Cloud Technology is Changing Business,Warveen Merza Eido; Subhi R. M. Zeebaree,2025.0,Asian Journal of Research in Computer Science,journal article,10.9734/ajrcos/2025/v18i4623,http://dx.doi.org/10.9734/ajrcos/2025/v18i4623,True,1,supply_chain_general,,,,,,,,,,,,,,,,,,,
072-203-943-178-499,The use of quantum calculations to optimize the complex supply chain networks,Mohammad Taleghani; Mohammadreza Jabreilzadeh Sola,2025.0,International Journal of Automobile Engineering,journal article,10.22271/27078205.2025.v6.i2a.62,http://dx.doi.org/10.22271/27078205.2025.v6.i2a.62,True,0,supply_chain_general,,,,,,,,,,,,,,,,,,,
183-308-325-766-651,Quantum Computing Integration in Enterprise Resource Planning Systems: A Strategic Framework for Digital Transformation,null Poshan Kumar Reddy Ponnamreddy,2025.0,Journal of Information Systems Engineering and Management,journal article,10.52783/jisem.v10i62s.13605,http://dx.doi.org/10.52783/jisem.v10i62s.13605,True,0,supply_chain_general,,,,,,,,,,,,,,,,,,,
169-835-020-897-068,"Quantum Machine Learning: Core Principles, Challenges and Enablers",Navneet Singh; Shiva Raj Pokhrel,2025.0,,preprint,10.36227/techrxiv.176291028.83990729/v1,http://dx.doi.org/10.36227/techrxiv.176291028.83990729/v1,True,0,supply_chain_general,,,,,,,,,,,,,,,,,,,
079-938-467-522-659,MetaGradient driven strategy decomposition for accelerated equilibrium in large scale logistics networks.,Dandan Wang; Ni Sun,2025.0,PloS one,journal article,10.1371/journal.pone.0332537,http://dx.doi.org/10.1371/journal.pone.0332537,True,0,supply_chain_general,,,,,,,,,,,,,,,,,,,
138-406-324-518-40X,Attack Prediction in Supply Chain Management Systems Using Hybrid Quantum-Classical Generative Advarsarial Network with War Strategy Optimizer,P Hanumantha Rao; Sreeram Gutha; Endrala Krithika Goud; Gande Mokshagna Teja; E Sankethan; G Karteek,2025.0,"2025 3rd International Conference on Intelligent Systems, Advanced Computing and Communication (ISACC)",conference proceedings article,10.1109/isacc65211.2025.10969207,http://dx.doi.org/10.1109/isacc65211.2025.10969207,False,0,supply_chain_general,,,,,,,,,,,,,,,,,,,
016-277-663-752-928,The Sharon Waves Theory as A QuantumInspired Theory for Supply Chain Management,Ashutosh Sharma; Dean Saluti,2025.0,International Journal of Supply Chain Management,journal article,10.59160/ijscm.v14i3.6316,http://dx.doi.org/10.59160/ijscm.v14i3.6316,True,0,supply_chain_general,,,,,,,,,,,,,,,,,,,
070-861-609-902-56X,The Sharon Waves Theory as A Quantum-Inspired Theory for Supply Chain Management,Ashutosh Sharma; Dean Saluti,2025.0,,preprint,10.20944/preprints202509.1140.v1,http://dx.doi.org/10.20944/preprints202509.1140.v1,True,0,supply_chain_general,,,,,,,,,,,,,,,,,,,
146-011-019-065-508,Supply chain challenges in cloud deployment: A technical analysis,null Natasha Mohan,2025.0,World Journal of Advanced Engineering Technology and Sciences,journal article,10.30574/wjaets.2025.15.1.0359,http://dx.doi.org/10.30574/wjaets.2025.15.1.0359,True,0,supply_chain_general,,,,,,,,,,,,,,,,,,,
146-896-871-879-815,Leveraging Quantum Computing and AI-Driven Integration Platforms for Next-Generation Enterprise Architectures,null Himanshu Nigam,2025.0,"International Journal of Scientific Research in Computer Science, Engineering and Information Technology",journal article,10.32628/cseit251112362,http://dx.doi.org/10.32628/cseit251112362,True,0,supply_chain_general,,,,,,,,,,,,,,,,,,,
158-601-395-360-979,The intelligent warehouse: Where AI and Human Intelligence Converge,null Aravind Guduru,2025.0,World Journal of Advanced Research and Reviews,journal article,10.30574/wjarr.2025.26.2.1635,http://dx.doi.org/10.30574/wjarr.2025.26.2.1635,True,0,supply_chain_general,,,,,,,,,,,,,,,,,,,
166-341-002-183-011,Quantum reservoir computing for predicting and characterizing chaotic maps,Qingyu Li; Chiranjib Mukhopadhyay; Ludovico Minati; Abolfazl Bayat,2025.0,ArXiv.org,preprint,10.48550/arxiv.2509.12071,http://dx.doi.org/10.48550/arxiv.2509.12071,True,0,supply_chain_general,,,,,,,,,,,,,,,,,,,
165-260-737-984-265,Optimizing Distribution Network Efficiency: Integrating DEA and TOPSIS Framework,Dony Saputra; Gerarda Muljadi; Hendri Hartono,2025.0,2025 International Seminar on Application for Technology of Information and Communication (iSemantic),conference proceedings article,10.1109/isemantic67418.2025.11291956,http://dx.doi.org/10.1109/isemantic67418.2025.11291956,False,0,supply_chain_general,,,,,,,,,,,,,,,,,,,
023-974-756-587-244,"Optimization of ""vehicle-UAV"" joint distribution routing for cold chain logistics considering risk of epidemic spreading and green cost.",Gang Liu; Qian Liu; Hao Guo; Ming Xiang; Jinyan Sang,2024.0,PloS one,journal article,10.1371/journal.pone.0306127,http://dx.doi.org/10.1371/journal.pone.0306127,True,6,supply_chain_general,,,,,,,,,,,,,,,,,,,
013-741-829-541-897,Analytical Challenges of Quantum and Classical Computing in Thailand: A Comparative Exploration of Machine Learning Through Classification,Nuttaphong Chaipunha; Vicha Panya; Adisorn Leelasantitham,2024.0,2024 5th Technology Innovation Management and Engineering Science International Conference (TIMES-iCON),conference proceedings article,10.1109/times-icon61890.2024.10630768,http://dx.doi.org/10.1109/times-icon61890.2024.10630768,False,4,supply_chain_general,,,,,,,,,,,,,,,,,,,
178-989-738-176-807,Potential in Quantum Machine Learning for Real-World Problems,Rajesh Kumar Tiwari; Abu Bakar Bin Abdul Hamid; Tadiwa Elisha Nyamasvisva,2024.0,2024 5th International Conference on Recent Trends in Computer Science and Technology (ICRTCST),conference proceedings article,10.1109/icrtcst61793.2024.10578519,http://dx.doi.org/10.1109/icrtcst61793.2024.10578519,False,4,supply_chain_general,,,,,,,,,,,,,,,,,,,
074-403-949-220-001,Quantum Computing in Logistics and Supply Chain Management an Overview,Frank Phillipson,2024.0,arXiv (Cornell University),preprint,10.48550/arxiv.2402.17520,http://dx.doi.org/10.48550/arxiv.2402.17520,True,4,supply_chain_general,,,,,,,,,,,,,,,,,,,
176-826-593-475-603,Leveraging AI and Machine Learning in SAP S/4HANA Cloud: A Research-Based Approach to Supply Chain Optimization,null Satheesh Kumar Nendrambaka,2024.0,"International Journal of Scientific Research in Computer Science, Engineering and Information Technology",journal article,10.32628/cseit241061232,http://dx.doi.org/10.32628/cseit241061232,True,4,supply_chain_general,,,,,,,,,,,,,,,,,,,
122-343-147-816-310,IOT-Enabled Supply Chain Management for Increased Efficiency,Preethi Nanjundan; Blesson Varghese James; Jossy P. George; Akhand Tiwari,2024.0,2024 International Conference on Trends in Quantum Computing and Emerging Business Technologies,conference proceedings article,10.1109/tqcebt59414.2024.10545070,http://dx.doi.org/10.1109/tqcebt59414.2024.10545070,False,3,supply_chain_general,,,,,,,,,,,,,,,,,,,
084-119-469-725-398,Artificial Intelligence For Decision Making In The Era Of Big Data Evolution,Rebeka Sultana,2024.0,Non human journal,journal article,10.70008/jbimisr.v1i01.59,http://dx.doi.org/10.70008/jbimisr.v1i01.59,True,1,supply_chain_general,,,,,,,,,,,,,,,,,,,
014-809-600-478-02X,Quantum reservoir computing using the stabilizer formalism for encoding classical data,Franz G. Fuchs; Alexander J. Stasik; Stanley Miao; Ola Tangen Kulseng; Ruben Pariente Bassa,2024.0,arXiv (Cornell University),preprint,10.48550/arxiv.2407.00445,http://dx.doi.org/10.48550/arxiv.2407.00445,True,1,supply_chain_general,,,,,,,,,,,,,,,,,,,
019-589-422-206-266,Leveraging artificial intelligence for enhanced business operations: challenges and opportunities,Motasem Abu-Dawas,2024.0,Global Journal of Information Technology: Emerging Technologies,journal article,10.18844/gjit.v14i1.9362,http://dx.doi.org/10.18844/gjit.v14i1.9362,True,0,supply_chain_general,,,,,,,,,,,,,,,,,,,
111-588-305-119-411,Hybrid approach for solving real-world bin packing problem instances using quantum annealers.,Sebastián V Romero; Eneko Osaba; Esther Villar-Rodriguez; Izaskun Oregi; Yue Ban,2023.0,Scientific reports,journal article,10.1038/s41598-023-39013-9; 10.21203/rs.3.rs-2660850/v1,http://dx.doi.org/10.1038/s41598-023-39013-9,True,38,supply_chain_general,,,,,,,,,,,,,,,,,,,
140-565-371-160-041,Multi-objective optimization model for blood supply chain network design considering cost of shortage and substitution in disaster,Seyed Mohammad Hassan Hosseini; Forough Behroozi; Shib Sankar Sana,2023.0,RAIRO - Operations Research,journal article,10.1051/ro/2022206,http://dx.doi.org/10.1051/ro/2022206,True,26,supply_chain_general,,,,,,,,,,,,,,,,,,,
013-191-677-015-551,Considering IT Trends for Modelling Investments in Supply Chains by Prioritising Digital Twins,Milena Kajba; Borut Jereb; Matevž Obrecht,2023.0,Processes,journal article,10.3390/pr11010262,http://dx.doi.org/10.3390/pr11010262,True,24,supply_chain_general,,,,,,,,,,,,,,,,,,,
191-427-783-158-962,Machine Learning in the Quantum Era,Sachin Khurana; Manisha J Nene,2023.0,2023 2nd International Conference on Futuristic Technologies (INCOFT),conference proceedings article,10.1109/incoft60753.2023.10425372,http://dx.doi.org/10.1109/incoft60753.2023.10425372,False,2,supply_chain_general,,,,,,,,,,,,,,,,,,,
197-591-860-434-442,Hybrid Quantum-Enhanced Machine Learning for Supply Chain Optimization,Vignesh M; Senthil Prabhu S; Prabhu K; R M Subramanian,2023.0,International Journal for Research in Applied Science and Engineering Technology,journal article,10.22214/ijraset.2023.55655,http://dx.doi.org/10.22214/ijraset.2023.55655,True,1,supply_chain_general,,,,,,,,,,,,,,,,,,,
169-612-087-067-722,Production Plant and Warehouse Automation with IoT and Industry 5.0,Zainab Fatima; Muhammad Hassan Tanveer; null Waseemullah; Shehnila Zardari; Laviza Falak Naz; Hina Khadim; Noorah Ahmed; Midha Tahir,2022.0,Applied Sciences,journal article,10.3390/app12042053,http://dx.doi.org/10.3390/app12042053,True,120,supply_chain_general,,,,,,,,,,,,,,,,,,,
148-004-098-947-855,A visual review of artificial intelligence and Industry 4.0 in healthcare.,Sandeep Kumar Sood; Keshav Singh Rawat; Dheeraj Kumar,2022.0,Computers & electrical engineering : an international journal,journal article,10.1016/j.compeleceng.2022.107948,http://dx.doi.org/10.1016/j.compeleceng.2022.107948,True,67,supply_chain_general,,,,,,,,,,,,,,,,,,,
170-775-082-906-365,Barriers Related to AI Implementation in Supply Chain Management,Monika Shrivastav,2022.0,Journal of Global Information Management,journal article,10.4018/jgim.296725,http://dx.doi.org/10.4018/jgim.296725,True,42,supply_chain_general,,,,,,,,,,,,,,,,,,,
085-596-752-147-085,Quantum Machine Learning for Software Supply Chain Attacks: How Far Can We Go?,Mohammad Masum; Mohammad Nazim; Md Jobair Hossain Faruk; Hossain Shahriar; Maria Valero; Md Abdullah Hafiz Khan; Gias Uddin; Shabir Barzanjeh; Erhan Saglamyurek; Akond Rahman; Sheikh Iqbal Ahamed,2022.0,arXiv (Cornell University),preprint,10.48550/arxiv.2204.02784,http://dx.doi.org/10.48550/arxiv.2204.02784,True,0,supply_chain_general,,,,,,,,,,,,,,,,,,,
189-581-936-016-767,QUANTUM COMPUTING AND POTENTIAL APPLICATION IN LOGISTICS &amp; TRANSPORT,M. Brejnak,2022.0,Zenodo (CERN European Organization for Nuclear Research),journal article,10.5281/zenodo.7318170,http://dx.doi.org/10.5281/zenodo.7318170,True,0,supply_chain_general,,,,,,,,,,,,,,,,,,,
003-118-998-063-278,"Artificial Intelligence (AI) : Multidisciplinary perspectives on emerging challenges, opportunities, and agenda for research, practice and policy",Yogesh K. Dwivedi; Laurie Hughes; Elvira Ismagilova; Gert Aarts; Crispin Coombs; Tom Crick; Yanqing Duan; Rohita Dwivedi; John S. Edwards; Aled Eirug; Vassilis Galanos; P. Vigneswara Ilavarasan; Marijn Janssen; Paul Jones; Arpan Kumar Kar; Hatice Kizgin; Bianca Kronemann; Banita Lal; Biagio Lucini; Rony Medaglia; Kenneth Le Meunier-FitzHugh; Leslie Caroline Le Meunier-FitzHugh; Santosh K. Misra; Emmanuel Mogaji; Sujeet Kumar Sharma; Jang Bahadur Singh; Vishnupriya Raghavan; Ramakrishnan Raman; Nripendra P. Rana; Spyridon Samothrakis; Jak Spencer; Kuttimani Tamilmani; Annie Tubadji; Paul Walton; Michael D. Williams,2021.0,International Journal of Information Management,journal article,10.1016/j.ijinfomgt.2019.08.002,http://dx.doi.org/10.1016/j.ijinfomgt.2019.08.002,True,2941,supply_chain_general,,,,,,,,,,,,,,,,,,,
054-336-968-816-756,Cybersecurity in logistics and supply chain management: An overview and future research directions,Kam-Fung Cheung; Michael G.H. Bell; Jyotirmoyee Bhattacharjya,2021.0,Transportation Research Part E: Logistics and Transportation Review,journal article,10.1016/j.tre.2020.102217,http://dx.doi.org/10.1016/j.tre.2020.102217,False,166,supply_chain_general,,,,,,,,,,,,,,,,,,,
021-961-617-905-163,Big Data in the Metal Processing Value Chain: A Systematic Digitalization Approach under Special Consideration of Standardization and SMEs,Marcel Sorger; Benjamin James Ralph; Karin Hartl; Manuel Woschank; Martin Stockinger,2021.0,Applied Sciences,journal article,10.3390/app11199021,http://dx.doi.org/10.3390/app11199021,True,20,supply_chain_general,,,,,,,,,,,,,,,,,,,
058-953-060-018-139,Accelerating quantum computer developments,Garrelt J. N. Alberts; M. Adriaan Rol; Benno W. Broer; C. C. Bultink; Matthijs S. C. Rijlaarsdam; Amber E. Van Hauwermeiren,2021.0,EPJ Quantum Technology,journal article,10.1140/epjqt/s40507-021-00107-w,http://dx.doi.org/10.1140/epjqt/s40507-021-00107-w,True,20,supply_chain_general,,,,,,,,,,,,,,,,,,,
035-387-849-732-630,Distributed Interoperable Records: The Key to Better Supply Chain Management,Annegret Henninger; Atefeh Mashatan,2021.0,Computers,journal article,10.3390/computers10070089,http://dx.doi.org/10.3390/computers10070089,True,19,supply_chain_general,,,,,,,,,,,,,,,,,,,
018-156-675-594-519,Supply Chain Bottlenecks and Inflation: The Role of Semiconductors,Fernando Leibovici; Jason Dunn,2021.0,Economic Synopses,journal article,10.20955/es.2021.28,http://dx.doi.org/10.20955/es.2021.28,True,14,supply_chain_general,,,,,,,,,,,,,,,,,,,
158-409-775-848-503,Fairness ideals in inventory allocation,Eirini Spiliotopoulou; Anna Conte,2021.0,Decision Sciences,journal article,10.1111/deci.12540,http://dx.doi.org/10.1111/deci.12540,True,10,supply_chain_general,,,,,,,,,,,,,,,,,,,
053-851-120-021-008,Forecasting Parameter Strategy Using Data Analytics in Supply Chain Management,Kulumani Subramanian Chandrasekaran; Venkatachalam Mahalakshmi; Mallasamudram Ramanathan Anathapadmanabhan,2021.0,Ingénierie des systèmes d information,journal article,10.18280/isi.260507,http://dx.doi.org/10.18280/isi.260507,True,0,supply_chain_general,,,,,,,,,,,,,,,,,,,
111-500-986-481-272,Quantum Model-Discovery,Niklas Heim; Atiyo Ghosh; Oleksandr Kyriienko; Vincent E. Elfving,2021.0,arXiv: Quantum Physics,preprint,,http://arxiv-export-lb.library.cornell.edu/abs/2111.06376v1,True,0,supply_chain_general,,,,,,,,,,,,,,,,,,,
007-381-590-671-177,Quantum Computing Impact on SCM and Hotel Performance,Binaya Adhikari; Byeong-Yun Chang,2021.0,,,,https://www.earticle.net/Article/A395495,False,0,supply_chain_general,,,,,,,,,,,,,,,,,,,
138-946-112-903-637,"INDUSTRY 4.0: CHALLENGES, OPPORTUNITIES, AND STRATEGIC SOLUTIONS FOR BANGLADESH",Abul Bashar Bhuiyan; Jafor Ali; Norhayah Zulkifli; Mokana Muthu Kumarasamy,2020.0,International Journal of Business and Management Future,journal article,10.46281/ijbmf.v4i2.832,http://dx.doi.org/10.46281/ijbmf.v4i2.832,True,38,supply_chain_general,,,,,,,,,,,,,,,,,,,
134-893-103-865-075,Load Curtailment Optimization Using the PSO Algorithm for Enhancing the Reliability of Distribution Networks,Laura M. Cruz; David Alvarez; Ameena Saad Al-Sumaiti; Sergio Rivera,2020.0,Energies,journal article,10.3390/en13123236,http://dx.doi.org/10.3390/en13123236,True,28,supply_chain_general,,,,,,,,,,,,,,,,,,,
067-394-040-360-007,The Hype and Disruptive Technologies of Industry 4.0 in Major Industrial Sectors: A State of the Art,Ocident Bongomin; Aregawi Yemane; Brendah Kembabazi; Clement Malanda; Chikonkolo Mwape M; Sheron Mpofu N; Dan Tigalana,2020.0,,preprint,10.20944/preprints202006.0007.v1,http://dx.doi.org/10.20944/preprints202006.0007.v1,True,14,supply_chain_general,,,,,,,,,,,,,,,,,,,
073-769-108-021-331,Application of Information and Technology in Supply Chain Management: Case Study of Artificial Intelligence – A Mini Review,Hieu Bui Trong; Uyen Bui Thi Kim,2020.0,European Journal of Engineering Research and Science,journal article,10.24018/ejers.2020.5.12.2254,http://dx.doi.org/10.24018/ejers.2020.5.12.2254,True,4,supply_chain_general,,,,,,,,,,,,,,,,,,,
107-808-821-203-545,Artificial Intelligence (AI) for Supply Chain Industries and the Future It Holds,Virbahu Nandishwar Jain; Daz Systems,2019.0,International Journal of Engineering Research and,journal article,10.17577/ijertv8is030041,http://dx.doi.org/10.17577/ijertv8is030041,True,0,supply_chain_general,,,,,,,,,,,,,,,,,,,
123-925-388-466-565,MSMEs Performance in Nigeria: A Review of Supply Chain Collaboration Challenges,Emmanuel O. Okon,2018.0,International Journal of Marketing Research Innovation,journal article,10.46281/ijmri.v2i1.103,http://dx.doi.org/10.46281/ijmri.v2i1.103,True,2,supply_chain_general,,,,,,,,,,,,,,,,,,,
054-695-406-194-355,BIG DATA CONCEPT IN THE FOOD SUPPLY CHAIN: SMALL MARKETS CASE,Valentinas Navickas; Valentas Gruzauskas,2016.0,Scientific Annals of Economics and Business,journal article,10.1515/saeb-2016-0102,http://dx.doi.org/10.1515/saeb-2016-0102,True,20,supply_chain_general,,,,,,,,,,,,,,,,,,,
042-727-350-900-422,Service supply chain environmental performance evaluation using grey based hybrid MCDM approach,P Chithambaranathan; Nachiappan Subramanian; Angappa Gunasekaran; PL K Palaniappan,2015.0,International Journal of Production Economics,journal article,10.1016/j.ijpe.2015.01.002,http://dx.doi.org/10.1016/j.ijpe.2015.01.002,True,148,supply_chain_general,,,,,,,,,,,,,,,,,,,
035-636-795-599-25X,Exploring Different Order Decision Behaviors with Bullwhip Effect and Service Level Measures in Supply Chain System,Zhuoqun Li; Guangle Yan,2015.0,Discrete Dynamics in Nature and Society,journal article,10.1155/2015/657352,http://dx.doi.org/10.1155/2015/657352,True,4,supply_chain_general,,,,,,,,,,,,,,,,,,,
136-230-311-835-60X,"SUPPLY CHAIN MANAGEMENT IN INDIAN AUTOMOTIVE INDUSTRY : COMPLEXITIES, CHALLENGES AND WAY AHEAD",Souresh Bhattacharya,2014.0,International Journal of Managing Value and Supply Chains,journal article,10.5121/ijmvsc.2014.5206,http://dx.doi.org/10.5121/ijmvsc.2014.5206,True,42,supply_chain_general,,,,,,,,,,,,,,,,,,,
013-439-018-142-609,INTERVENTIONS FOR SCIENTIFIC AND ENTERPRISE APPLICATIONS BASED ON HIGH PERFORMANCE AND CLOUD COMPUTING,Kitty Ahuja; Neetu Sharma,2014.0,International Journal of Research in Engineering and Technology,journal article,10.15623/ijret.2014.0301070,http://dx.doi.org/10.15623/ijret.2014.0301070,True,1,supply_chain_general,,,,,,,,,,,,,,,,,,,
093-977-916-250-214,Tourist Behavior Pattern Mining Model Based on Context,Dong-sheng Liu; Shu-jiang Fan,2013.0,Discrete Dynamics in Nature and Society,journal article,10.1155/2013/108062,http://dx.doi.org/10.1155/2013/108062,True,7,supply_chain_general,,,,,,,,,,,,,,,,,,,
072-855-508-864-439,Modeling of Biological Intelligence for SCM System Optimization,Shengyong Chen; Yu-Jun Zheng; Carlo Cattani; Wanliang Wang,2011.0,Computational and mathematical methods in medicine,journal article,10.1155/2012/769702,http://dx.doi.org/10.1155/2012/769702,True,50,supply_chain_general,,,,,,,,,,,,,,,,,,,
119-728-463-681-410,Advanced decision and intelligence technologies for manufacturing and logistics,Chen-Fu Chien; Kap Hwan Kim; Baoding Liu; Mitsuo Gen,2011.0,Journal of Intelligent Manufacturing,journal article,10.1007/s10845-011-0559-8,http://dx.doi.org/10.1007/s10845-011-0559-8,True,21,supply_chain_general,,,,,,,,,,,,,,,,,,,
091-128-584-074-023,About Our Authors,,2011.0,Information Systems Research,journal article,10.1287/isre.1110.0356,http://dx.doi.org/10.1287/isre.1110.0356,True,0,supply_chain_general,,,,,,,,,,,,,,,,,,,
072-239-735-297-930,ICPP Workshops - Message Driven Programming with S-Net: Methodology and Performance,Frank Penczek; Stephan Herhut; Sven-Bodo Scholz; Alex Shafarenko; Jungsook Yang; Chun-Yi Chen; Nader Bagherzadeh; Clemens Grelck,2010.0,2010 39th International Conference on Parallel Processing Workshops,conference proceedings article,10.1109/icppw.2010.61,http://dx.doi.org/10.1109/icppw.2010.61,True,17,supply_chain_general,,,,,,,,,,,,,,,,,,,
105-476-123-186-02X,Impact of knowledge management in supply chain management: A study in Malaysian manufacturing companies,Murali Sambasivan; Siew-Phaik Loke; Zainal Abidin-Mohamed,2009.0,Knowledge and Process Management,journal article,10.1002/kpm.328,http://dx.doi.org/10.1002/kpm.328,True,55,supply_chain_general,,,,,,,,,,,,,,,,,,,
107-892-589-926-005,Bounded Rationality in Newsvendor Models,Xuanming Su,2007.0,SSRN Electronic Journal,journal article,10.2139/ssrn.944155,http://dx.doi.org/10.2139/ssrn.944155,True,30,supply_chain_general,,,,,,,,,,,,,,,,,,,
046-174-280-345-600,INTEGRATING THE SUPPLY CHAIN WITH RFID: A TECHNICAL AND BUSINESS ANALYSIS,Zaheeruddin Asif; Munir Mandviwalla,2005.0,Communications of the Association for Information Systems,journal article,10.17705/1cais.01524,http://dx.doi.org/10.17705/1cais.01524,True,348,supply_chain_general,,,,,,,,,,,,,,,,,,,
024-483-665-662-480,The knowledge of coordination for supply chain integration,Togar M. Simatupang; Alan C. Wright; Ramaswami Sridharan,2002.0,Business Process Management Journal,journal article,10.1108/14637150210428989,http://dx.doi.org/10.1108/14637150210428989,True,443,supply_chain_general,,,,,,,,,,,,,,,,,,,
178-754-870-241-817,Security Framework for Network-Based Manufacturing Systems with Personalized Customization: An Industry 4.0 Approach.,Muhammad Hammad; Rashad Maqbool Jillani; Sami Ullah; Abdallah Namoun; Ali Tufail; Ki-Hyung Kim; Habib Shah,2023.0,"Sensors (Basel, Switzerland)",journal article,10.3390/s23177555,http://dx.doi.org/10.3390/s23177555,True,25,industry40_smart_mfg,,,,,,,,,,,,,,,,,,,
055-629-982-758-201,Assessment of the Artificial Intelligence and Quantum Computing in the Smart Management Information Systems,Ahmet EFE,2023.0,Bilişim Teknolojileri Dergisi,journal article,10.17671/gazibtd.1190670,http://dx.doi.org/10.17671/gazibtd.1190670,True,8,industry40_smart_mfg,,,,,,,,,,,,,,,,,,,
007-494-395-735-658,Opportunities of the Technological Trends Linked to Industry 4.0 for Achieve Sustainable Manufacturing Objectives,Guillermo Fuertes; Jorge Zamorano; Miguel Alfaro; Manuel Vargas; Jorge Sabattin; Claudia Duran; Rodrigo Ternero; Ricardo Rivera,2022.0,Sustainability,journal article,10.3390/su141811118,http://dx.doi.org/10.3390/su141811118,True,31,industry40_smart_mfg,,,,,,,,,,,,,,,,,,,
056-935-028-206-605,Technology prioritization framework to adapt maintenance legacy systems for Industry 4.0 requirement: an interoperability approach,André Luiz Alcântara Castilho Venâncio; Eduardo de Freitas Rocha Loures; Fernando Deschamps; Alvaro dos Santos Justus; Alysson Felipe Lumikoski; Guilherme Louro Brezinski,2022.0,Production,journal article,10.1590/0103-6513.20210035,http://dx.doi.org/10.1590/0103-6513.20210035,True,8,industry40_smart_mfg,,,,,,,,,,,,,,,,,,,
153-253-442-455-963,The trend of implementation of Industry 4.0 in the function of application of industrial and service robots in production processes,Isak Karabegović; Edina Karabegović; Ermin Husak; Mehmed Mahmić,2022.0,Aplikacija industrije 4.0 – prilika za novi iskorak u svim industrijskim granama / Application of Industry 4.0 – an opportunity for a new step forward in all industrial branches,conference proceedings article,10.5644/pi2022.202.24,http://dx.doi.org/10.5644/pi2022.202.24,True,5,industry40_smart_mfg,,,,,,,,,,,,,,,,,,,
100-769-920-744-888,Industry 4.0 and its associated technologies,Krishnan Umachandran,2022.0,Zenodo (CERN European Organization for Nuclear Research),journal article,10.5281/zenodo.6583862,http://dx.doi.org/10.5281/zenodo.6583862,True,0,industry40_smart_mfg,,,,,,,,,,,,,,,,,,,
057-356-898-970-922,NDE 4.0—A Design Thinking Perspective,Johannes Vrana; Ripudaman Singh,2021.0,Journal of nondestructive evaluation,journal article,10.1007/s10921-020-00735-9,http://dx.doi.org/10.1007/s10921-020-00735-9,True,109,industry40_smart_mfg,,,,,,,,,,,,,,,,,,,
006-420-057-250-73X,Industry 4.0 in a project context: Introducing 3D printing in construction projects,Nils O.E. Olsson; Emrah Arica; Ruth Woods; Javier Alonso Madrid,2021.0,Project Leadership and Society,journal article,10.1016/j.plas.2021.100033,http://dx.doi.org/10.1016/j.plas.2021.100033,True,44,industry40_smart_mfg,,,,,,,,,,,,,,,,,,,
009-882-229-724-344,"Challenges and Opportunities in Industry 4.0 for Mechatronics, Artificial Intelligence and Cybernetics",Vasiliki Liagkou; Chrysostomos D. Stylios; Lamprini Pappa; Alexander Petunin,2021.0,Electronics,journal article,10.3390/electronics10162001,http://dx.doi.org/10.3390/electronics10162001,True,39,industry40_smart_mfg,,,,,,,,,,,,,,,,,,,
100-118-205-098-996,Exponential Disruptive Technologies and the Required Skills of Industry 4.0,Ocident Bongomin; Gilbert Gilibrays Ocen; Eric Oyondi Nganyi; Alex Musinguzi; Timothy Omara,2020.0,Journal of Engineering,journal article,10.1155/2020/4280156,http://dx.doi.org/10.1155/2020/4280156,True,130,industry40_smart_mfg,,,,,,,,,,,,,,,,,,,
063-694-233-570-544,Quantum Strategic Organizational Design: Alignment in Industry 4.0 Complex-Networked Cyber-Physical Lean Management Systems.,Javier Villalba-Diez; Xiaochen Zheng,2020.0,"Sensors (Basel, Switzerland)",journal article,10.3390/s20205856,http://dx.doi.org/10.3390/s20205856,True,22,industry40_smart_mfg,,,,,,,,,,,,,,,,,,,
020-916-985-870-460,The Relationship Between Industry 4.0 and Lean Production: An Empirical Study on Bursa Manufacturing Industry,İsa Demirkol; Abdulmalek A. Al-Futaih,2020.0,Journal of Business Research - Turk,journal article,10.20491/isarder.2020.897,http://dx.doi.org/10.20491/isarder.2020.897,True,7,industry40_smart_mfg,,,,,,,,,,,,,,,,,,,
056-710-875-382-311,Exponential Disruptive Technologies and the Required Skills of Industry 4.0: A Review,Ocident Bongomin; Gilbert Gilibrays Ocen; Eric Oyondi Nganyi; Alex Musinguzi; Timothy Omara,2019.0,,preprint,10.20944/preprints201910.0240.v2,http://dx.doi.org/10.20944/preprints201910.0240.v2,True,5,industry40_smart_mfg,,,,,,,,,,,,,,,,,,,
191-415-475-678-220,Optimal training of finitely sampled quantum reservoir computers for forecasting of chaotic dynamics,Osama Ahmed; Felix Tennie; Luca Magri,2025.0,Quantum Machine Intelligence,journal article,10.1007/s42484-025-00261-9,http://dx.doi.org/10.1007/s42484-025-00261-9,True,11,qml_method_review,,,,,,,,,,,,,,,,,,,
159-113-019-423-861,Practical few-atom quantum reservoir computing,Chuanzhou Zhu; Peter J. Ehlers; Hendra I. Nurdin; Daniel Soh,2025.0,Physical Review Research,journal article,10.1103/wsyq-jyxd,http://dx.doi.org/10.1103/wsyq-jyxd,True,7,qml_method_review,,,,,,,,,,,,,,,,,,,
015-530-070-511-723,Quantum next-generation reservoir computing and its quantum optical implementation,Longhan Wang; Peijie Sun; Ling-Jun Kong; Yifan Sun; Xiangdong Zhang,2025.0,Physical Review A,journal article,10.1103/physreva.111.022609,http://dx.doi.org/10.1103/physreva.111.022609,True,3,qml_method_review,,,,,,,,,,,,,,,,,,,
033-672-867-840-627,Predicting three-dimensional chaotic systems with four qubit quantum systems.,Joel Steinegger; Christoph Räth,2025.0,Scientific reports,journal article,10.1038/s41598-025-87768-0,http://dx.doi.org/10.1038/s41598-025-87768-0,True,1,qml_method_review,,,,,,,,,,,,,,,,,,,
151-427-212-837-071,Minimalistic and scalable quantum reservoir computing enhanced with feedback,Chuanzhou Zhu; Peter J. Ehlers; Hendra I. Nurdin; Daniel Soh,2025.0,npj Quantum Information,journal article,10.1038/s41534-025-01144-4,http://dx.doi.org/10.1038/s41534-025-01144-4,True,1,qml_method_review,,,,,,,,,,,,,,,,,,,
028-141-673-519-380,Federated Quantum Kernel-Based Long Short-Term Memory for Human Activity Recognition,Yu-Chao Hsu; Jiun-Cheng Jiang; Chun-Hua Lin; Wei-Ting Chen; Kuo-Chung Peng; Prayag Tiwari; Samuel Yen-Chi Chen; En-Jui Kuo,2025.0,2025 IEEE International Conference on Quantum Computing and Engineering (QCE),conference proceedings article,10.1109/qce65121.2025.10293,http://dx.doi.org/10.1109/qce65121.2025.10293,False,0,qml_method_review,,,,,,,,,,,,,,,,,,,
057-623-240-524-92X,Exponential concentration and symmetries in Quantum Reservoir Computing,Antonio Sannia; Gian Luca Giorgi; Roberta Zambrini,2025.0,ArXiv.org,preprint,10.48550/arxiv.2505.10062,http://dx.doi.org/10.48550/arxiv.2505.10062,True,0,qml_method_review,,,,,,,,,,,,,,,,,,,
099-966-960-889-626,Multivariate Time Series Forecasting with Gate-Based Quantum Reservoir Computing on NISQ Hardware,Wissal Hamhoum; Soumaya Cherkaoui; Jean-Frederic Laprade; Ola Ahmed; Shengrui Wang,2025.0,ArXiv.org,preprint,10.48550/arxiv.2510.13634,http://dx.doi.org/10.48550/arxiv.2510.13634,True,0,qml_method_review,,,,,,,,,,,,,,,,,,,
100-767-174-445-077,Predicting three-dimensional chaotic systems with four qubit quantum systems,Joel Steinegger; Christoph Räth,2025.0,ArXiv.org,preprint,10.48550/arxiv.2501.15191,http://dx.doi.org/10.48550/arxiv.2501.15191,True,0,qml_method_review,,,,,,,,,,,,,,,,,,,
022-489-732-342-503,Feedback-Driven Quantum Reservoir Computing for Time-Series Analysis,Kaito Kobayashi; Keisuke Fujii; Naoki Yamamoto,2024.0,PRX Quantum,journal article,10.1103/prxquantum.5.040325,http://dx.doi.org/10.1103/prxquantum.5.040325,True,21,qml_method_review,,,,,,,,,,,,,,,,,,,
163-451-318-107-814,Enhancing the performance of quantum reservoir computing and solving the time-complexity problem by artificial memory restriction,Saud Čindrak; Brecht Donvil; Kathy Lüdge; Lina Jaurigue,2024.0,Physical Review Research,journal article,10.1103/physrevresearch.6.013051,http://dx.doi.org/10.1103/physrevresearch.6.013051,True,16,qml_method_review,,,,,,,,,,,,,,,,,,,
043-137-831-639-495,Stochastic Reservoir Computers,Peter J. Ehlers; Hendra I. Nurdin; Daniel Soh,2024.0,arXiv (Cornell University),preprint,10.48550/arxiv.2405.12382,http://dx.doi.org/10.48550/arxiv.2405.12382,True,0,qml_method_review,,,,,,,,,,,,,,,,,,,
116-793-315-710-082,Prediction of chaotic dynamics and extreme events: A recurrence-free quantum reservoir computing approach,Osama Ahmed; Felix Tennie; Luca Magri,2024.0,arXiv (Cornell University),preprint,10.48550/arxiv.2405.03390,http://dx.doi.org/10.48550/arxiv.2405.03390,True,0,qml_method_review,,,,,,,,,,,,,,,,,,,
114-479-624-947-309,Quantum Machine Learning: A Review and Case Studies.,Amine Zeguendry; Zahi Jarir; Mohamed Quafafou,2023.0,"Entropy (Basel, Switzerland)",journal article,10.3390/e25020287,http://dx.doi.org/10.3390/e25020287,True,159,qml_method_review,,,,,,,,,,,,,,,,,,,
199-278-172-525-422,Taking advantage of noise in quantum reservoir computing.,L Domingo; G Carlo; F Borondo,2023.0,Scientific reports,journal article,10.1038/s41598-023-35461-5,http://dx.doi.org/10.1038/s41598-023-35461-5,True,42,qml_method_review,,,,,,,,,,,,,,,,,,,
025-430-569-741-354,Natural quantum reservoir computing for temporal information processing.,Yudai Suzuki; Qi Gao; Ken C Pradel; Kenji Yasuoka; Naoki Yamamoto,2022.0,Scientific reports,journal article,10.1038/s41598-022-05061-w,http://dx.doi.org/10.1038/s41598-022-05061-w,True,64,qml_method_review,,,,,,,,,,,,,,,,,,,
075-984-915-180-165,Opportunities in Quantum Reservoir Computing and Extreme Learning Machines,Pere Mujal; Rodrigo Martínez-Peña; Johannes Nokkala; Jorge García-Beni; Gian Luca Giorgi; Miguel C. Soriano; Roberta Zambrini,2021.0,Advanced Quantum Technologies,journal article,10.1002/qute.202100027,http://dx.doi.org/10.1002/qute.202100027,True,129,qml_method_review,,,,,,,,,,,,,,,,,,,
153-551-022-345-982,Quantum reservoir computing with a single nonlinear oscillator,Luke C. G. Govia; Guilhem Ribeill; Graham E. Rowlands; Hari Krovi; Thomas A. Ohki,2021.0,Physical Review Research,journal article,10.1103/physrevresearch.3.013077,http://dx.doi.org/10.1103/physrevresearch.3.013077,True,102,qml_method_review,,,,,,,,,,,,,,,,,,,
011-525-018-512-727,Natural quantum reservoir computing for temporal information processing,Yudai Suzuki; Qi Gao; Ken Pradel; Kenji Yasuoka; Naoki Yamamoto,2021.0,arXiv: Quantum Physics,preprint,,https://arxiv.org/abs/2107.05808,True,0,qml_method_review,,,,,,,,,,,,,,,,,,,
081-867-469-228-142,New Trends in Quantum Machine Learning,Lorenzo Buffoni; Filippo Caruso,2020.0,Europhysics Letters,journal article,10.1209/0295-5075/132/60004,http://dx.doi.org/10.1209/0295-5075/132/60004,True,26,qml_method_review,,,,,,,,,,,,,,,,,,,
018-804-120-249-896,Boosting Computational Power through Spatial Multiplexing in Quantum Reservoir Computing,Kohei Nakajima; Keisuke Fujii; Makoto Negoro; Kosuke Mitarai; Masahiro Kitagawa,2019.0,Physical Review Applied,journal article,10.1103/physrevapplied.11.034021,http://dx.doi.org/10.1103/physrevapplied.11.034021,True,147,qml_method_review,,,,,,,,,,,,,,,,,,,
196-443-000-798-309,Bio-Inspired Reactive Approaches for Automated Guided Vehicle Path Planning: A Review.,Shiwei Lin; Jianguo Wang; Xiaoying Kong,2025.0,"Biomimetics (Basel, Switzerland)",journal article,10.3390/biomimetics11010017,http://dx.doi.org/10.3390/biomimetics11010017,True,0,outros,,,,,,,,,,,,,,,,,,,
052-330-234-762-680,Overcoming the coherence time barrier in quantum machine learning on temporal data.,Fangjun Hu; Saeed A Khan; Nicholas T Bronn; Gerasimos Angelatos; Graham E Rowlands; Guilhem J Ribeill; Hakan E Türeci,2024.0,Nature communications,journal article,10.1038/s41467-024-51162-7,http://dx.doi.org/10.1038/s41467-024-51162-7,True,14,outros,,,,,,,,,,,,,,,,,,,
143-814-731-418-530,Integration of Lean Green and Sustainability in Manufacturing: A Review on Current State and Future Perspectives,Ifeoluwa Elemure; Hom Nath Dhakal; Michel Leseure; Jovana Radulovic,2023.0,Sustainability,journal article,10.3390/su151310261,http://dx.doi.org/10.3390/su151310261,True,45,outros,,,,,,,,,,,,,,,,,,,
013-746-705-891-839,Selection of software agile practices using Analytic hierarchy process.,Royer David Estrada-Esponda; Mauricio López-Benítez; Gerardo Matturro; Juan Carlos Osorio-Gómez,2023.0,Heliyon,journal article,10.1016/j.heliyon.2023.e22948,http://dx.doi.org/10.1016/j.heliyon.2023.e22948,True,15,outros,,,,,,,,,,,,,,,,,,,
096-365-597-435-28X,Machine Learning Through Quantum Computing: Validation of a New and Sustainable Approach,Arjab Sengupta; Ayush Ghosh; Debabrata Ghosh; Sayan Ckhakraborty,2023.0,International Journal of Innovative Research in Physics,journal article,10.15864/ijiip.5104,http://dx.doi.org/10.15864/ijiip.5104,True,0,outros,,,,,,,,,,,,,,,,,,,
096-831-260-365-541,Hybrid quantum-classical heuristic for the bin packing problem,Mikel Garcia de Andoin; Eneko Osaba; Izaskun Oregi; Esther Villar-Rodriguez; Mikel Sanz,2022.0,Proceedings of the Genetic and Evolutionary Computation Conference Companion,conference proceedings article,10.1145/3520304.3533986,http://dx.doi.org/10.1145/3520304.3533986,True,15,outros,,,,,,,,,,,,,,,,,,,
014-041-707-777-438,Visualization in Operations Management Research,Rahul C. Basole; Elliot Bendoly; Aravind Chandrasekaran; Kevin Linderman,2022.0,INFORMS Journal on Data Science,journal article,10.1287/ijds.2021.0005,http://dx.doi.org/10.1287/ijds.2021.0005,True,9,outros,,,,,,,,,,,,,,,,,,,
173-446-556-942-475,Quantum computing for data-centric engineering and science,Steven Herbert,2022.0,Data-Centric Engineering,journal article,10.1017/dce.2022.36,http://dx.doi.org/10.1017/dce.2022.36,True,5,outros,,,,,,,,,,,,,,,,,,,
087-268-889-204-618,Development of a practical aggregate spatial road freight modal demand model system for truck and commodity movements with an application of a distance-based charging regime.,David A Hensher; Edward Wei; Wen Liu; Loan Ho; Chinh Ho,2022.0,Transportation,journal article,10.1007/s11116-022-10271-2,http://dx.doi.org/10.1007/s11116-022-10271-2,True,5,outros,,,,,,,,,,,,,,,,,,,
180-038-889-751-651,Quantum Computing Applications in Marketing Analytics: A Future Perspective,Tarun Gupta; Supriya Bansal,2022.0,Journal of Marketing & Supply Chain Management,journal article,10.47363/jmscm/2022(1)133,http://dx.doi.org/10.47363/jmscm/2022(1)133,True,4,outros,,,,,,,,,,,,,,,,,,,
010-532-167-231-32X,THE POTENTIAL FOR CREATING ADDED VALUE IN THE AUTOMOTIVE INDUSTRY BASED ON QUANTUM COMPUTING,QUANTUM COMPUTING Cherviakova V; Cherviakova T,2022.0,The National Transport University Bulletin,journal article,10.33744/2308-6645-2022-4-54-220-230,http://dx.doi.org/10.33744/2308-6645-2022-4-54-220-230,True,0,outros,,,,,,,,,,,,,,,,,,,
171-100-699-329-511,AI-Assisted Dynamic Modelling for Data Management in a Distributed System,Yingjun Wang; Shaoyang He; Yiran Wang,2022.0,International Journal of Information Systems and Supply Chain Management,journal article,10.4018/ijisscm.313623,http://dx.doi.org/10.4018/ijisscm.313623,True,0,outros,,,,,,,,,,,,,,,,,,,
036-484-724-886-32X,Satellite Communications in the New Space Era: A Survey and Future Challenges,Oltjon Kodheli; Eva Lagunas; Nicola Maturo; Shree Krishna Sharma; Bhavani Shankar; Jesus Fabian Mendoza Montoya; Juan Carlos Merlano Duncan; Danilo Spano; Symeon Chatzinotas; Steven Kisseleff; Jorge Querol; Lei Lei; Thang X. Vu; George Goussetis,2021.0,IEEE Communications Surveys & Tutorials,journal article,10.1109/comst.2020.3028247,http://dx.doi.org/10.1109/comst.2020.3028247,True,1207,outros,,,,,,,,,,,,,,,,,,,
005-053-074-722-497,Generating Clustering-Based Interval Fuzzy Type-2 Triangular and Trapezoidal Membership Functions: A Structured Literature Review,Siti Hajar Khairuddin; Mohd Hilmi Hasan; Manzoor Ahmed Hashmani; Muhammad Hamza Azam,2021.0,Symmetry,journal article,10.3390/sym13020239,http://dx.doi.org/10.3390/sym13020239,True,47,outros,,,,,,,,,,,,,,,,,,,
077-376-085-876-983,Variational quantum circuits for machine learning. An application for the detection of weak signals,Israel Griol-Barres; Sergio Milla; Antonio Cebrián; Yashar Mansoori; José Millet,2021.0,Applied Sciences,journal article,10.3390/app11146427,http://dx.doi.org/10.3390/app11146427,True,26,outros,,,,,,,,,,,,,,,,,,,
106-289-716-897-970,Semi-supervised time series classification method for quantum computing,Sheir Yarkoni; Andrii Kleshchonok; Yury Dzerin; Florian Neukart; Marc Hilbert,2021.0,Quantum Machine Intelligence,journal article,10.1007/s42484-021-00042-0,http://dx.doi.org/10.1007/s42484-021-00042-0,True,11,outros,,,,,,,,,,,,,,,,,,,
014-717-703-665-698,From Automation to Autonomy: Legal and Ethical Responsibility Gaps in Artificial Intelligence Innovation,David Nersessian; Ruben Mancha,2021.0,Michigan Technology Law Review,journal article,10.36645/mtlr.27.1.from,http://dx.doi.org/10.36645/mtlr.27.1.from,True,10,outros,,,,,,,,,,,,,,,,,,,
079-197-550-472-642,Building Resilience Through Cross Industry Team Collaboration,Susanta Mandal,2021.0,,preprint,10.21203/rs.3.rs-767952/v1,http://dx.doi.org/10.21203/rs.3.rs-767952/v1,True,0,outros,,,,,,,,,,,,,,,,,,,
001-689-079-203-010,Lot-based municipal solid waste collection model,D. T. Tolek; O. N. Dolinina; M. E. Mansurova; G. A. Tyulepberdinova,2021.0,Bulletin of the National Engineering Academy of the Republic of Kazakhstan,journal article,10.47533/2020.1606-146x.87,http://dx.doi.org/10.47533/2020.1606-146x.87,True,0,outros,,,,,,,,,,,,,,,,,,,
037-531-990-333-483,Hybrid models as transdisciplinary research enablers,Andreas Tolk; Alison Harper; Navonil Mustafee,2020.0,European journal of operational research,journal article,10.1016/j.ejor.2020.10.010,http://dx.doi.org/10.1016/j.ejor.2020.10.010,True,70,outros,,,,,,,,,,,,,,,,,,,
029-162-101-939-020,Optimal Strategies for Online Advance Selling With Random Rewards—Case From China,Liangjun Peng; Gang Lu; Xinli Chen; Yushu Cheng,2020.0,IEEE Access,journal article,10.1109/access.2020.3022747,http://dx.doi.org/10.1109/access.2020.3022747,True,4,outros,,,,,,,,,,,,,,,,,,,
050-897-656-559-388,Reliability Inversion: A Cautionary Tale,Behrooz Parhami,2020.0,Computer,journal article,10.1109/mc.2019.2958907,http://dx.doi.org/10.1109/mc.2019.2958907,True,3,outros,,,,,,,,,,,,,,,,,,,
193-117-155-039-275,BUSINESS DIGITALIZATION OF SMEs IN ALBANIA: INNOVATIVE APPROACHES AND THEIR IMPACT ON PERFORMANCE,Erjon Curraj,2020.0,,preprint,10.31237/osf.io/p3yq9,http://dx.doi.org/10.31237/osf.io/p3yq9,True,1,outros,,,,,,,,,,,,,,,,,,,
014-522-873-728-823,ETP4HPC's Strategic Research Agenda for High-Performance Computing in Europe 4,Michael Malms; Marcin Ostasz; Maike Gilliot; Pascale Bernier-Bruna; Laurent Cargemel; Estela Suarez; Herbert Cornelius; Marc Duranton; Benny Koren; Pascale Rosse-Laurent; María S. Pérez-Hernández; Manolis Marazakis; Guy Lonsdale; Paul Carpenter; Gabriel Antoniu; Sai Narasimhamurthy; André Brinkman; Dirk Pleiter; Adrian Tate; Jens Krueger; Hans-Christian Hoppe; Erwin Laure; Andreas Wierse,2020.0,SPIRE - Sciences Po Institutional REpository,preprint,10.5281/zenodo.4605343,http://dx.doi.org/10.5281/zenodo.4605343,True,1,outros,,,,,,,,,,,,,,,,,,,
028-223-463-403-055,BUSINESS DIGITALIZATION OF SMEs IN ALBANIA,null AISDL,2020.0,,preprint,10.31219/osf.io/m9vgw,http://dx.doi.org/10.31219/osf.io/m9vgw,True,0,outros,,,,,,,,,,,,,,,,,,,
027-076-250-630-111,Quantum Technology: Advances and Trends,Lidong Wang; Cheryl Ann Alexander,2020.0,American Journal of Engineering and Applied Sciences,journal article,10.3844/ajeassp.2020.254.264,http://dx.doi.org/10.3844/ajeassp.2020.254.264,True,0,outros,,,,,,,,,,,,,,,,,,,
016-103-792-544-308,ORGANİZASYONEL ÖĞRENMENİN TALEP TAHMİNİ ÜZERİNDEKİ ETKİSİ: KAOTİK YAPININ DÜZENLEYİCİ ROLÜ,Ismail Eyigün; Okan Yaşar,2020.0,Business & Management Studies: An International Journal,journal article,10.15295/bmij.v8i5.1640,http://dx.doi.org/10.15295/bmij.v8i5.1640,True,0,outros,,,,,,,,,,,,,,,,,,,
057-372-704-757-796,Proceeding of the Third International Research Symposium,Ejssd Journal,2020.0,SHILAP Revista de lepidopterología,journal article,10.20372/ejssdastu:v0.i0.2019.347,http://dx.doi.org/10.20372/ejssdastu:v0.i0.2019.347,True,0,outros,,,,,,,,,,,,,,,,,,,
023-006-721-686-025,Positioning Methods and the Use of Location and Activity Data in Forests,Robert F. Keefe; Ann M. Wempe; Ryer M. Becker; Eloise G. Zimbelman; Emily S. Nagler; Sophie L. Gilbert; Christopher C. Caudill,2019.0,Forests,journal article,10.3390/f10050458,http://dx.doi.org/10.3390/f10050458,True,55,outros,,,,,,,,,,,,,,,,,,,
153-143-657-220-427,Research on financial network big data processing technology based on fireworks algorithm,Tao Luo,2019.0,EURASIP Journal on Wireless Communications and Networking,journal article,10.1186/s13638-019-1443-z,http://dx.doi.org/10.1186/s13638-019-1443-z,True,5,outros,,,,,,,,,,,,,,,,,,,
083-522-934-227-671,An Automated Text-Messaging Platform for Enhanced Retention and Data Collection in a Longitudinal Birth Cohort: Cohort Management Platform Analysis.,Caroline M. Barry; Aditi Sabhlok; Victoria C Saba; Alesha D Majors; Julia C. Schechter; Erica Levine; Martin Streicher; Gary G. Bennett; Scott H. Kollins; Bernard F. Fuemmeler,2019.0,JMIR public health and surveillance,journal article,10.2196/11666,http://dx.doi.org/10.2196/11666,True,4,outros,,,,,,,,,,,,,,,,,,,
044-645-562-118-516,"Algebraic Structures of Neutrosophic Triplets, Neutrosophic Duplets, or Neutrosophic Multisets",Florentin Smarandache; Xiaohong Zhang; Mumtaz Ali,2019.0,Symmetry,journal article,10.3390/sym11020171,http://dx.doi.org/10.3390/sym11020171,True,3,outros,,,,,,,,,,,,,,,,,,,
090-703-895-384-135,T Application of MES System in the Safety Management of Offshore Oil and Gas Fields,Yong Chen; Lei Cui; Chong Wang,2019.0,Journal of Quantum Computing,journal article,10.32604/jqc.2019.06283,http://dx.doi.org/10.32604/jqc.2019.06283,True,2,outros,,,,,,,,,,,,,,,,,,,
037-161-947-588-960,"Open Distance Learning System: A Critical Reflection on the Issues, Challenges and Opportunities of Open and Dual Mode Universities in India",M. A. Sikandar,2019.0,Asian Journal of Managerial Science,journal article,10.51983/ajms-2019.8.1.1445,http://dx.doi.org/10.51983/ajms-2019.8.1.1445,True,2,outros,,,,,,,,,,,,,,,,,,,
084-724-698-026-633,Post- i transhumanizm w kontekście wybranych zjawisk artystycznych technokultury,Przemysław Zawadzki; Agnieszka K. Adamczyk,2019.0,AVANT. The Journal of the Philosophical-Interdisciplinary Vanguard,journal article,10.26913/avant.2019.03.13,http://dx.doi.org/10.26913/avant.2019.03.13,True,1,outros,,,,,,,,,,,,,,,,,,,
058-660-675-809-130,A parameter-free discrete particle swarm algorithm and its application to multi-objective pavement maintenance schemes,Maher Mahmood; Senthan Mathavan; Mahbubur Rahman,2018.0,Swarm and Evolutionary Computation,journal article,10.1016/j.swevo.2018.03.013,http://dx.doi.org/10.1016/j.swevo.2018.03.013,True,23,outros,,,,,,,,,,,,,,,,,,,
153-536-424-909-183,Performance evaluation of IOT systems – basic issues,K V. Sowmya; J. K. R. Sastry,2018.0,International Journal of Engineering & Technology,journal article,10.14419/ijet.v7i2.7.10279,http://dx.doi.org/10.14419/ijet.v7i2.7.10279,True,12,outros,,,,,,,,,,,,,,,,,,,
121-620-974-901-443,"Global Trends & Challenges in Water Science, Research and Management: A compendium of hot topics and features from IWA Specialist Groups",Hong Li,2018.0,Water Intelligence Online,journal article,10.2166/9781780408378,http://dx.doi.org/10.2166/9781780408378,True,2,outros,,,,,,,,,,,,,,,,,,,
047-301-978-143-205,A survey of swarm intelligence for dynamic optimization: Algorithms and applications,Michalis Mavrovouniotis; Changhe Li; Shengxiang Yang,2017.0,Swarm and Evolutionary Computation,journal article,10.1016/j.swevo.2016.12.005,http://dx.doi.org/10.1016/j.swevo.2016.12.005,True,562,outros,,,,,,,,,,,,,,,,,,,
142-007-600-271-009,Threats to Autonomy from Emerging ICTs,Brandt Dainow,2017.0,Australasian Journal of Information Systems,journal article,10.3127/ajis.v21i0.1438,http://dx.doi.org/10.3127/ajis.v21i0.1438,True,2,outros,,,,,,,,,,,,,,,,,,,
026-146-727-106-937,Big Data and Individual Privacy in the Age of the Internet of Things,Mackenzie Adams,2017.0,Technology Innovation Management Review,journal article,10.22215/timreview1067,http://dx.doi.org/10.22215/timreview1067,True,2,outros,,,,,,,,,,,,,,,,,,,
123-098-342-740-024,Distributed Ledger Technologies for Developing Asia,Benno Ferrarini; Julie A. Maupin; Marthe Hinojales,2017.0,SSRN Electronic Journal,journal article,10.2139/ssrn.3187964,http://dx.doi.org/10.2139/ssrn.3187964,True,2,outros,,,,,,,,,,,,,,,,,,,
089-707-122-235-51X,Balanced Optimal Allocation of Resources based on Hybrid Algorithm of Ant Colony and Fish Swarm in Manufacturing Grid,Baosheng Wang; Hongyan Hao,2017.0,International Journal of Performability Engineering,journal article,10.23940/ijpe.17.07.p15.11231131,http://dx.doi.org/10.23940/ijpe.17.07.p15.11231131,True,1,outros,,,,,,,,,,,,,,,,,,,
055-607-314-969-866,Optimal Allocation of Mould Manufacturing Resources Under Manufacturing Network Environments based on a Bi-Level Programming Model,Hongyan Hao; Fanxin Kong,2017.0,International Journal of Performability Engineering,journal article,10.23940/ijpe.17.07.p18.11471158,http://dx.doi.org/10.23940/ijpe.17.07.p18.11471158,True,0,outros,,,,,,,,,,,,,,,,,,,
126-353-923-989-033,Quantum Genetic Algorithms for Computer Scientists,Rafael Lahoz-Beltra,2016.0,Computers,journal article,10.3390/computers5040024,http://dx.doi.org/10.3390/computers5040024,True,110,outros,,,,,,,,,,,,,,,,,,,
023-148-314-202-533,COMPARISON OF MANAGERIAL IMPLICATIONS FOR UTILIZATION OF VARIABLE COSTING AND THROUGHPUT ACCOUNTING METHODS,Petr Novák; Šárka Papadaki; Dušan Hrabec; Boris Popesko,2016.0,Istrazivanja i projektovanja za privredu,journal article,10.5937/jaes14-10895,http://dx.doi.org/10.5937/jaes14-10895,True,2,outros,,,,,,,,,,,,,,,,,,,
007-101-687-488-361,Emerging Trends in Technologies for Big Data,Nitin Singh,2015.0,The International Technology Management Review,journal article,10.2991/itmr.2015.5.4.4,http://dx.doi.org/10.2991/itmr.2015.5.4.4,True,2,outros,,,,,,,,,,,,,,,,,,,
087-321-961-524-334,Wave function method to forecast foreign currencies exchange rates at ultra high frequency electronic trading in foreign currencies exchange markets,Dimitri O. Ledenyov; Viktor O. Ledenyov,2015.0,SSRN Electronic Journal,journal article,10.2139/ssrn.2681183,http://dx.doi.org/10.2139/ssrn.2681183,True,0,outros,,,,,,,,,,,,,,,,,,,
107-784-544-592-138,Customer Relationship management and knowledge Management enhancing on innovation Competence: Case Study,Ming li,2014.0,INTERNATIONAL JOURNAL OF MANAGEMENT & INFORMATION TECHNOLOGY,journal article,10.24297/ijmit.v10i1.652,http://dx.doi.org/10.24297/ijmit.v10i1.652,True,1,outros,,,,,,,,,,,,,,,,,,,
112-409-017-909-558,Physics-Inspired Optimization Algorithms: A Survey,Anupam Biswas; Krishn Kumar Mishra; Shailesh Tiwari; A. K. Misra,2013.0,Journal of Optimization,journal article,10.1155/2013/438152,http://dx.doi.org/10.1155/2013/438152,True,121,outros,,,,,,,,,,,,,,,,,,,
041-581-086-995-884,SoSE - System-of-system approaches and challenges for multi-site manufacturing,Simon Ford; Ursula Rauschecker; N. Athanassopoulou,2012.0,2012 7th International Conference on System of Systems Engineering (SoSE),conference proceedings article,10.1109/sysose.2012.6384164,http://dx.doi.org/10.1109/sysose.2012.6384164,True,11,outros,,,,,,,,,,,,,,,,,,,
027-960-802-636-464,The Impact Of Decision-Making On Production Activities,Hiroki Inagaki; Daisuke Doyo,2011.0,International Journal of Management & Information Systems (IJMIS),journal article,10.19030/ijmis.v14i1.821,http://dx.doi.org/10.19030/ijmis.v14i1.821,True,0,outros,,,,,,,,,,,,,,,,,,,
003-426-560-495-53X,"Computer and Information Science, Vol. 3, No. 1, February, 2010",Editor CIS,2010.0,Computer and Information Science,journal article,10.5539/cis.v3n1p0,http://dx.doi.org/10.5539/cis.v3n1p0,True,0,outros,,,,,,,,,,,,,,,,,,,
015-665-653-535-995,Okun’s Coefficient for Four Mediterranean Member Countries of EU: An Empirical Study,Chaido Dritsaki; Nikolaos Dritsakis,2009.0,International Journal of Business and Management,journal article,10.5539/ijbm.v4n5p18,http://dx.doi.org/10.5539/ijbm.v4n5p18,True,11,outros,,,,,,,,,,,,,,,,,,,
011-653-084-112-795,Abstracts of Working Papers in Economics,David Aboody; All Aboody; David Barth; Mary Kasznik; Ron Aa; Mary Barth; Ron Kasznik; Aboody Aa; null Ucla; null Barth; Jerome Adda; Valerie Lechene; Adda Aa; Philippe Aghion; A Aghion; Philippe Bloom; Nicholas Blundell; Richard Griffith; Rachel Howitt; Peter Aa; Joshua Aizenman; Nancy Marion; Aizenman Aa; Andres Almazan; null Pd; Almazan Au; Andres Suarez; Sheridan Almazan; null Almeida; A Almeida; Heitor Campello; ; Murillo; Michael Wcisbach; Alas- Ferrer Au; Carlos Ritzberger; Klaus Aa; Alos Ferrer; Joseph Altonji; Schools Au; Joseph Elder; Todd Taber; Christopher Aa; Joshua Ti ; All Winicki; David Figlio; Joshua Winicki,2004.0,Abstracts of Working Papers in Economics,journal article,10.1017/s0951007900006240,http://dx.doi.org/10.1017/s0951007900006240,True,2,outros,,,,,,,,,,,,,,,,,,,
050-368-251-451-615,Marketing in the Internet age: what can we learn from the past?,Lisa Harris; Geraldine Cohen,2003.0,Management Decision,journal article,10.1108/00251740310495054,http://dx.doi.org/10.1108/00251740310495054,True,16,outros,,,,,,,,,,,,,,,,,,,
005-924-319-989-597,Planning and scheduling in the process industry,Josef Kallrath,2002.0,OR Spectrum,journal article,10.1007/s00291-002-0101-7,http://dx.doi.org/10.1007/s00291-002-0101-7,True,362,outros,,,,,,,,,,,,,,,,,,,
008-098-055-369-999,ICCL - Distributed computations driven by resource consumption,Luc Moreau; Christian Queinnec,,Proceedings of the 1998 International Conference on Computer Languages (Cat. No.98CB36225),conference proceedings article,10.1109/iccl.1998.674158,http://dx.doi.org/10.1109/iccl.1998.674158,True,6,outros,,,,,,,,,,,,,,,,,,,
